NUMERO;COD_PRODUCTO;COD_PRESENTACION;CANTIDAD_SOLICITADA;CANTIDAD_RECIBIDA;COD_PROVEEDOR_ELEGIDO;FECHA_CREACION;FECHA_MAXIMA_PROPUESTAS;FECHA_ESPERADA_ENTREGA;FECHA_ENTREGA;CALIFICACION_ENTREGA;HA_SIDO_ELEGIDA;HA_SIDO_SATISFECHA;
5555305;26;19;2;0;'ke46@gmail.com';TO_DATE('2013-06-04','YYYY-MM-DD');TO_TIMESTAMP('2013-06-12 06:09:19','YYYY-MM-DD HH24:MI:SS');TO_DATE('2013-06-21','YYYY-MM-DD');NULL;NULL;'Si';'No';
9842535;67;8;3;0;NULL;TO_DATE('2014-02-08','YYYY-MM-DD');TO_TIMESTAMP('2014-02-10 02:42:18','YYYY-MM-DD HH24:MI:SS');NULL;NULL;NULL;'No';'No';
1476803;12;29;6;0;NULL;TO_DATE('2013-12-10','YYYY-MM-DD');TO_TIMESTAMP('2013-12-14 22:55:43','YYYY-MM-DD HH24:MI:SS');NULL;NULL;NULL;'No';'No';
3000485;9;15;12;0;NULL;TO_DATE('2013-04-30','YYYY-MM-DD');TO_TIMESTAMP('2013-05-06 15:12:53','YYYY-MM-DD HH24:MI:SS');NULL;NULL;NULL;'No';'No';
6757363;67;2;7;8;'zufo3@hotmail.com';TO_DATE('2013-11-16','YYYY-MM-DD');TO_TIMESTAMP('2013-11-23 19:26:23','YYYY-MM-DD HH24:MI:SS');TO_DATE('2013-11-30','YYYY-MM-DD');TO_DATE('2013-11-27','YYYY-MM-DD');5;'Si';'Si';
9144669;53;27;6;0;'nobe91@yahoo.com';TO_DATE('2013-08-19','YYYY-MM-DD');TO_TIMESTAMP('2013-08-22 11:58:51','YYYY-MM-DD HH24:MI:SS');TO_DATE('2013-09-03','YYYY-MM-DD');NULL;NULL;'Si';'No';
9238140;58;11;10;0;NULL;TO_DATE('2014-02-10','YYYY-MM-DD');TO_TIMESTAMP('2014-02-19 04:16:24','YYYY-MM-DD HH24:MI:SS');NULL;NULL;NULL;'No';'No';
9020225;4;12;13;0;'pa82@uniandes.edu.co';TO_DATE('2013-08-27','YYYY-MM-DD');TO_TIMESTAMP('2013-09-05 15:12:51','YYYY-MM-DD HH24:MI:SS');TO_DATE('2013-09-15','YYYY-MM-DD');NULL;NULL;'Si';'No';
7205441;69;8;19;0;'qaco88@gmail.com';TO_DATE('2013-04-23','YYYY-MM-DD');TO_TIMESTAMP('2013-05-01 04:22:48','YYYY-MM-DD HH24:MI:SS');TO_DATE('2013-05-09','YYYY-MM-DD');NULL;NULL;'Si';'No';
5176134;52;18;5;0;'vazi20@hotmail.com';TO_DATE('2013-06-27','YYYY-MM-DD');TO_TIMESTAMP('2013-06-30 01:46:56','YYYY-MM-DD HH24:MI:SS');TO_DATE('2013-07-12','YYYY-MM-DD');NULL;NULL;'Si';'No';
6153990;32;30;5;0;NULL;TO_DATE('2013-05-18','YYYY-MM-DD');TO_TIMESTAMP('2013-05-19 03:09:02','YYYY-MM-DD HH24:MI:SS');NULL;NULL;NULL;'No';'No';
6692366;9;18;2;2;'lu70@gmail.com';TO_DATE('2013-05-04','YYYY-MM-DD');TO_TIMESTAMP('2013-05-13 09:30:46','YYYY-MM-DD HH24:MI:SS');TO_DATE('2013-05-24','YYYY-MM-DD');TO_DATE('2013-05-28','YYYY-MM-DD');1;'Si';'Si';
9267466;14;17;19;0;'soxo3@gmail.com';TO_DATE('2013-05-18','YYYY-MM-DD');TO_TIMESTAMP('2013-05-19 09:19:20','YYYY-MM-DD HH24:MI:SS');TO_DATE('2013-06-02','YYYY-MM-DD');NULL;NULL;'Si';'No';
7407812;62;16;1;0;NULL;TO_DATE('2014-04-05','YYYY-MM-DD');TO_TIMESTAMP('2014-04-10 03:32:12','YYYY-MM-DD HH24:MI:SS');NULL;NULL;NULL;'No';'No';
4726340;38;23;12;0;'ceti18@hotmail.com';TO_DATE('2014-03-29','YYYY-MM-DD');TO_TIMESTAMP('2014-04-02 22:25:21','YYYY-MM-DD HH24:MI:SS');TO_DATE('2014-04-13','YYYY-MM-DD');NULL;NULL;'Si';'No';
6690605;16;22;4;4;'du32@hotmail.com';TO_DATE('2014-04-02','YYYY-MM-DD');TO_TIMESTAMP('2014-04-05 16:14:48','YYYY-MM-DD HH24:MI:SS');TO_DATE('2014-04-18','YYYY-MM-DD');TO_DATE('2014-04-15','YYYY-MM-DD');5;'Si';'Si';
3611513;44;21;13;13;'du32@hotmail.com';TO_DATE('2013-09-25','YYYY-MM-DD');TO_TIMESTAMP('2013-10-02 20:23:46','YYYY-MM-DD HH24:MI:SS');TO_DATE('2013-10-09','YYYY-MM-DD');TO_DATE('2013-10-05','YYYY-MM-DD');5;'Si';'Si';
2492719;53;14;4;0;NULL;TO_DATE('2013-12-22','YYYY-MM-DD');TO_TIMESTAMP('2013-12-30 04:28:25','YYYY-MM-DD HH24:MI:SS');NULL;NULL;NULL;'No';'No';
9814446;56;13;11;20;'ne45@yahoo.com';TO_DATE('2013-08-12','YYYY-MM-DD');TO_TIMESTAMP('2013-08-22 09:19:48','YYYY-MM-DD HH24:MI:SS');TO_DATE('2013-09-05','YYYY-MM-DD');TO_DATE('2013-09-05','YYYY-MM-DD');5;'Si';'Si';
5150466;61;20;11;0;NULL;TO_DATE('2013-09-10','YYYY-MM-DD');TO_TIMESTAMP('2013-09-10 20:36:12','YYYY-MM-DD HH24:MI:SS');NULL;NULL;NULL;'No';'No';
6445647;26;23;3;0;NULL;TO_DATE('2013-12-20','YYYY-MM-DD');TO_TIMESTAMP('2013-12-23 06:12:49','YYYY-MM-DD HH24:MI:SS');NULL;NULL;NULL;'No';'No';
4139674;54;11;14;0;NULL;TO_DATE('2014-04-14','YYYY-MM-DD');TO_TIMESTAMP('2014-04-18 16:22:46','YYYY-MM-DD HH24:MI:SS');NULL;NULL;NULL;'No';'No';
1148455;69;10;2;2;'weqo42@gmail.com';TO_DATE('2013-06-01','YYYY-MM-DD');TO_TIMESTAMP('2013-06-10 21:06:50','YYYY-MM-DD HH24:MI:SS');TO_DATE('2013-06-25','YYYY-MM-DD');TO_DATE('2013-06-21','YYYY-MM-DD');5;'Si';'Si';
2992174;2;30;16;0;NULL;TO_DATE('2013-12-13','YYYY-MM-DD');TO_TIMESTAMP('2013-12-14 04:34:06','YYYY-MM-DD HH24:MI:SS');NULL;NULL;NULL;'No';'No';
4808088;7;23;12;13;'na80@gmail.com';TO_DATE('2013-12-07','YYYY-MM-DD');TO_TIMESTAMP('2013-12-11 05:03:40','YYYY-MM-DD HH24:MI:SS');TO_DATE('2013-12-22','YYYY-MM-DD');TO_DATE('2013-12-26','YYYY-MM-DD');1;'Si';'Si';
7475946;72;5;3;0;NULL;TO_DATE('2013-05-28','YYYY-MM-DD');TO_TIMESTAMP('2013-06-04 11:04:07','YYYY-MM-DD HH24:MI:SS');NULL;NULL;NULL;'No';'No';
1085665;65;21;8;0;NULL;TO_DATE('2014-03-31','YYYY-MM-DD');TO_TIMESTAMP('2014-04-04 05:30:39','YYYY-MM-DD HH24:MI:SS');NULL;NULL;NULL;'No';'No';
2525810;21;29;18;0;'na80@gmail.com';TO_DATE('2013-05-27','YYYY-MM-DD');TO_TIMESTAMP('2013-05-28 04:19:11','YYYY-MM-DD HH24:MI:SS');TO_DATE('2013-06-11','YYYY-MM-DD');NULL;NULL;'Si';'No';
5687894;72;9;12;0;NULL;TO_DATE('2013-12-07','YYYY-MM-DD');TO_TIMESTAMP('2013-12-16 20:27:40','YYYY-MM-DD HH24:MI:SS');NULL;NULL;NULL;'No';'No';
2508383;38;16;1;0;NULL;TO_DATE('2014-04-15','YYYY-MM-DD');TO_TIMESTAMP('2014-04-18 12:52:33','YYYY-MM-DD HH24:MI:SS');NULL;NULL;NULL;'No';'No';
9517264;3;16;16;0;'le97@uniandes.edu.co';TO_DATE('2014-03-28','YYYY-MM-DD');TO_TIMESTAMP('2014-04-02 16:01:06','YYYY-MM-DD HH24:MI:SS');TO_DATE('2014-04-11','YYYY-MM-DD');NULL;NULL;'Si';'No';
3896347;53;11;18;0;'li12@yahoo.com';TO_DATE('2014-01-30','YYYY-MM-DD');TO_TIMESTAMP('2014-01-30 21:39:21','YYYY-MM-DD HH24:MI:SS');TO_DATE('2014-02-13','YYYY-MM-DD');NULL;NULL;'Si';'No';
9963370;3;17;3;0;NULL;TO_DATE('2013-09-29','YYYY-MM-DD');TO_TIMESTAMP('2013-10-08 07:46:43','YYYY-MM-DD HH24:MI:SS');NULL;NULL;NULL;'No';'No';
5620227;61;15;11;11;'roha13@uniandes.edu.co';TO_DATE('2013-10-15','YYYY-MM-DD');TO_TIMESTAMP('2013-10-24 03:15:35','YYYY-MM-DD HH24:MI:SS');TO_DATE('2013-11-01','YYYY-MM-DD');TO_DATE('2013-11-05','YYYY-MM-DD');1;'Si';'Si';
5996082;68;4;17;0;NULL;TO_DATE('2014-02-23','YYYY-MM-DD');TO_TIMESTAMP('2014-02-25 01:32:45','YYYY-MM-DD HH24:MI:SS');NULL;NULL;NULL;'No';'No';
5350790;66;15;18;31;'li12@yahoo.com';TO_DATE('2013-06-29','YYYY-MM-DD');TO_TIMESTAMP('2013-07-08 14:47:02','YYYY-MM-DD HH24:MI:SS');TO_DATE('2013-07-20','YYYY-MM-DD');TO_DATE('2013-07-22','YYYY-MM-DD');3;'Si';'Si';
5439285;71;5;19;0;NULL;TO_DATE('2013-10-28','YYYY-MM-DD');TO_TIMESTAMP('2013-11-07 09:46:10','YYYY-MM-DD HH24:MI:SS');NULL;NULL;NULL;'No';'No';
4649852;54;14;3;0;NULL;TO_DATE('2013-04-20','YYYY-MM-DD');TO_TIMESTAMP('2013-04-22 05:18:01','YYYY-MM-DD HH24:MI:SS');NULL;NULL;NULL;'No';'No';
5243115;54;19;14;0;NULL;TO_DATE('2014-02-19','YYYY-MM-DD');TO_TIMESTAMP('2014-02-22 01:23:44','YYYY-MM-DD HH24:MI:SS');NULL;NULL;NULL;'No';'No';
4992936;60;29;9;0;NULL;TO_DATE('2013-04-22','YYYY-MM-DD');TO_TIMESTAMP('2013-04-24 04:15:01','YYYY-MM-DD HH24:MI:SS');NULL;NULL;NULL;'No';'No';
2240605;66;16;1;1;'re16@uniandes.edu.co';TO_DATE('2013-04-30','YYYY-MM-DD');TO_TIMESTAMP('2013-05-06 06:05:05','YYYY-MM-DD HH24:MI:SS');TO_DATE('2013-05-19','YYYY-MM-DD');TO_DATE('2013-05-24','YYYY-MM-DD');0;'Si';'Si';
1180302;69;5;17;0;NULL;TO_DATE('2013-09-25','YYYY-MM-DD');TO_TIMESTAMP('2013-10-05 19:37:09','YYYY-MM-DD HH24:MI:SS');NULL;NULL;NULL;'No';'No';
7122139;53;26;19;0;'re16@uniandes.edu.co';TO_DATE('2013-12-05','YYYY-MM-DD');TO_TIMESTAMP('2013-12-16 11:03:34','YYYY-MM-DD HH24:MI:SS');TO_DATE('2013-12-31','YYYY-MM-DD');NULL;NULL;'Si';'No';
2843054;51;30;2;4;'pavi78@uniandes.edu.co';TO_DATE('2013-08-08','YYYY-MM-DD');TO_TIMESTAMP('2013-08-11 08:56:10','YYYY-MM-DD HH24:MI:SS');TO_DATE('2013-08-19','YYYY-MM-DD');TO_DATE('2013-08-17','YYYY-MM-DD');5;'Si';'Si';
4284092;53;13;10;0;NULL;TO_DATE('2013-09-04','YYYY-MM-DD');TO_TIMESTAMP('2013-09-12 19:19:07','YYYY-MM-DD HH24:MI:SS');NULL;NULL;NULL;'No';'No';
931145;32;28;2;0;NULL;TO_DATE('2013-08-04','YYYY-MM-DD');TO_TIMESTAMP('2013-08-05 08:32:53','YYYY-MM-DD HH24:MI:SS');NULL;NULL;NULL;'No';'No';
1896479;56;11;9;0;NULL;TO_DATE('2013-06-19','YYYY-MM-DD');TO_TIMESTAMP('2013-06-29 11:19:41','YYYY-MM-DD HH24:MI:SS');NULL;NULL;NULL;'No';'No';
2684526;65;29;7;0;NULL;TO_DATE('2014-02-13','YYYY-MM-DD');TO_TIMESTAMP('2014-02-22 06:08:25','YYYY-MM-DD HH24:MI:SS');NULL;NULL;NULL;'No';'No';
3797675;64;28;10;0;NULL;TO_DATE('2013-12-09','YYYY-MM-DD');TO_TIMESTAMP('2013-12-12 14:43:27','YYYY-MM-DD HH24:MI:SS');NULL;NULL;NULL;'No';'No';
8936890;66;23;11;0;NULL;TO_DATE('2014-02-20','YYYY-MM-DD');TO_TIMESTAMP('2014-02-28 22:42:59','YYYY-MM-DD HH24:MI:SS');NULL;NULL;NULL;'No';'No';
248620;63;11;12;12;'tu39@yahoo.com';TO_DATE('2013-05-06','YYYY-MM-DD');TO_TIMESTAMP('2013-05-09 14:51:50','YYYY-MM-DD HH24:MI:SS');TO_DATE('2013-05-19','YYYY-MM-DD');TO_DATE('2013-05-22','YYYY-MM-DD');2;'Si';'Si';
6417528;68;2;17;0;'kido42@uniandes.edu.co';TO_DATE('2013-08-17','YYYY-MM-DD');TO_TIMESTAMP('2013-08-18 04:24:32','YYYY-MM-DD HH24:MI:SS');TO_DATE('2013-08-28','YYYY-MM-DD');NULL;NULL;'Si';'No';
4582625;41;26;19;0;'na80@gmail.com';TO_DATE('2014-01-03','YYYY-MM-DD');TO_TIMESTAMP('2014-01-11 20:58:03','YYYY-MM-DD HH24:MI:SS');TO_DATE('2014-01-24','YYYY-MM-DD');NULL;NULL;'Si';'No';
4125954;55;25;20;0;NULL;TO_DATE('2013-11-02','YYYY-MM-DD');TO_TIMESTAMP('2013-11-08 08:41:32','YYYY-MM-DD HH24:MI:SS');NULL;NULL;NULL;'No';'No';
8131285;46;22;1;0;NULL;TO_DATE('2013-05-01','YYYY-MM-DD');TO_TIMESTAMP('2013-05-06 18:19:32','YYYY-MM-DD HH24:MI:SS');NULL;NULL;NULL;'No';'No';
154760;38;20;2;0;NULL;TO_DATE('2013-04-21','YYYY-MM-DD');TO_TIMESTAMP('2013-04-30 21:22:27','YYYY-MM-DD HH24:MI:SS');NULL;NULL;NULL;'No';'No';
8791110;54;27;12;12;'bi18@yahoo.com';TO_DATE('2013-10-26','YYYY-MM-DD');TO_TIMESTAMP('2013-10-27 01:19:24','YYYY-MM-DD HH24:MI:SS');TO_DATE('2013-11-10','YYYY-MM-DD');TO_DATE('2013-11-12','YYYY-MM-DD');3;'Si';'Si';
3552836;4;11;11;0;NULL;TO_DATE('2013-07-18','YYYY-MM-DD');TO_TIMESTAMP('2013-07-24 04:22:57','YYYY-MM-DD HH24:MI:SS');NULL;NULL;NULL;'No';'No';
108057;62;29;20;20;'nobe91@yahoo.com';TO_DATE('2014-01-03','YYYY-MM-DD');TO_TIMESTAMP('2014-01-04 17:28:39','YYYY-MM-DD HH24:MI:SS');TO_DATE('2014-01-12','YYYY-MM-DD');TO_DATE('2014-01-11','YYYY-MM-DD');5;'Si';'Si';
7340723;21;16;19;0;NULL;TO_DATE('2013-08-12','YYYY-MM-DD');TO_TIMESTAMP('2013-08-18 09:31:08','YYYY-MM-DD HH24:MI:SS');NULL;NULL;NULL;'No';'No';
298743;17;22;14;16;'xiju86@hotmail.com';TO_DATE('2014-01-15','YYYY-MM-DD');TO_TIMESTAMP('2014-01-16 22:47:54','YYYY-MM-DD HH24:MI:SS');TO_DATE('2014-01-27','YYYY-MM-DD');TO_DATE('2014-01-24','YYYY-MM-DD');5;'Si';'Si';
7075985;64;29;15;0;NULL;TO_DATE('2013-06-20','YYYY-MM-DD');TO_TIMESTAMP('2013-06-30 14:49:12','YYYY-MM-DD HH24:MI:SS');NULL;NULL;NULL;'No';'No';
7991618;65;21;10;0;NULL;TO_DATE('2013-06-15','YYYY-MM-DD');TO_TIMESTAMP('2013-06-21 20:45:24','YYYY-MM-DD HH24:MI:SS');NULL;NULL;NULL;'No';'No';
9423597;5;22;1;1;'lu70@gmail.com';TO_DATE('2013-08-01','YYYY-MM-DD');TO_TIMESTAMP('2013-08-10 23:25:44','YYYY-MM-DD HH24:MI:SS');TO_DATE('2013-08-22','YYYY-MM-DD');TO_DATE('2013-08-24','YYYY-MM-DD');3;'Si';'Si';
6156757;67;8;15;29;'vu53@hotmail.com';TO_DATE('2013-04-19','YYYY-MM-DD');TO_TIMESTAMP('2013-04-27 08:10:29','YYYY-MM-DD HH24:MI:SS');TO_DATE('2013-05-09','YYYY-MM-DD');TO_DATE('2013-05-09','YYYY-MM-DD');5;'Si';'Si';
7900274;56;11;16;0;NULL;TO_DATE('2013-08-04','YYYY-MM-DD');TO_TIMESTAMP('2013-08-05 01:03:58','YYYY-MM-DD HH24:MI:SS');NULL;NULL;NULL;'No';'No';
3689263;45;12;19;19;'du32@hotmail.com';TO_DATE('2013-12-16','YYYY-MM-DD');TO_TIMESTAMP('2013-12-22 05:12:50','YYYY-MM-DD HH24:MI:SS');TO_DATE('2014-01-02','YYYY-MM-DD');TO_DATE('2013-12-28','YYYY-MM-DD');5;'Si';'Si';
2678679;13;27;6;0;'ko62@hotmail.com';TO_DATE('2013-05-01','YYYY-MM-DD');TO_TIMESTAMP('2013-05-04 14:35:12','YYYY-MM-DD HH24:MI:SS');TO_DATE('2013-05-12','YYYY-MM-DD');NULL;NULL;'Si';'No';
6638341;62;21;7;7;'ne45@yahoo.com';TO_DATE('2014-03-07','YYYY-MM-DD');TO_TIMESTAMP('2014-03-10 03:49:30','YYYY-MM-DD HH24:MI:SS');TO_DATE('2014-03-24','YYYY-MM-DD');TO_DATE('2014-03-24','YYYY-MM-DD');5;'Si';'Si';
8907580;46;21;19;0;NULL;TO_DATE('2013-10-20','YYYY-MM-DD');TO_TIMESTAMP('2013-10-21 15:45:49','YYYY-MM-DD HH24:MI:SS');NULL;NULL;NULL;'No';'No';
4820663;61;15;16;0;NULL;TO_DATE('2013-07-17','YYYY-MM-DD');TO_TIMESTAMP('2013-07-27 20:22:20','YYYY-MM-DD HH24:MI:SS');NULL;NULL;NULL;'No';'No';
2189635;72;6;8;0;NULL;TO_DATE('2014-02-23','YYYY-MM-DD');TO_TIMESTAMP('2014-03-01 23:58:43','YYYY-MM-DD HH24:MI:SS');NULL;NULL;NULL;'No';'No';
2520211;35;30;20;0;NULL;TO_DATE('2013-06-14','YYYY-MM-DD');TO_TIMESTAMP('2013-06-22 07:12:56','YYYY-MM-DD HH24:MI:SS');NULL;NULL;NULL;'No';'No';
4014754;68;8;15;0;NULL;TO_DATE('2014-01-28','YYYY-MM-DD');TO_TIMESTAMP('2014-02-05 04:18:08','YYYY-MM-DD HH24:MI:SS');NULL;NULL;NULL;'No';'No';
4797665;17;13;16;0;NULL;TO_DATE('2014-03-31','YYYY-MM-DD');TO_TIMESTAMP('2014-04-08 00:54:39','YYYY-MM-DD HH24:MI:SS');NULL;NULL;NULL;'No';'No';
5849773;59;30;9;9;'ne45@yahoo.com';TO_DATE('2013-05-18','YYYY-MM-DD');TO_TIMESTAMP('2013-05-26 04:36:17','YYYY-MM-DD HH24:MI:SS');TO_DATE('2013-06-10','YYYY-MM-DD');TO_DATE('2013-06-15','YYYY-MM-DD');0;'Si';'Si';
9630389;68;3;7;0;NULL;TO_DATE('2013-12-11','YYYY-MM-DD');TO_TIMESTAMP('2013-12-17 05:47:50','YYYY-MM-DD HH24:MI:SS');NULL;NULL;NULL;'No';'No';
9820498;61;19;16;0;'re16@uniandes.edu.co';TO_DATE('2013-10-12','YYYY-MM-DD');TO_TIMESTAMP('2013-10-22 02:50:56','YYYY-MM-DD HH24:MI:SS');TO_DATE('2013-11-03','YYYY-MM-DD');NULL;NULL;'Si';'No';
122672;30;17;19;0;'du32@hotmail.com';TO_DATE('2014-01-21','YYYY-MM-DD');TO_TIMESTAMP('2014-01-22 13:02:06','YYYY-MM-DD HH24:MI:SS');TO_DATE('2014-01-30','YYYY-MM-DD');NULL;NULL;'Si';'No';
9650376;57;22;10;0;NULL;TO_DATE('2014-04-15','YYYY-MM-DD');TO_TIMESTAMP('2014-04-23 09:00:05','YYYY-MM-DD HH24:MI:SS');NULL;NULL;NULL;'No';'No';
4509823;68;2;6;6;'go36@gmail.com';TO_DATE('2014-02-21','YYYY-MM-DD');TO_TIMESTAMP('2014-02-22 23:09:06','YYYY-MM-DD HH24:MI:SS');TO_DATE('2014-03-01','YYYY-MM-DD');TO_DATE('2014-03-05','YYYY-MM-DD');1;'Si';'Si';
4295791;65;22;1;0;'roha13@uniandes.edu.co';TO_DATE('2014-01-23','YYYY-MM-DD');TO_TIMESTAMP('2014-01-24 02:16:25','YYYY-MM-DD HH24:MI:SS');TO_DATE('2014-02-07','YYYY-MM-DD');NULL;NULL;'Si';'No';
3754903;62;17;19;0;'xe60@hotmail.com';TO_DATE('2013-11-09','YYYY-MM-DD');TO_TIMESTAMP('2013-11-17 06:30:34','YYYY-MM-DD HH24:MI:SS');TO_DATE('2013-11-27','YYYY-MM-DD');NULL;NULL;'Si';'No';
7591666;68;1;7;0;'zufo3@hotmail.com';TO_DATE('2014-01-02','YYYY-MM-DD');TO_TIMESTAMP('2014-01-12 17:10:17','YYYY-MM-DD HH24:MI:SS');TO_DATE('2014-01-26','YYYY-MM-DD');NULL;NULL;'Si';'No';
8293358;63;20;18;18;'tu39@yahoo.com';TO_DATE('2013-06-13','YYYY-MM-DD');TO_TIMESTAMP('2013-06-20 21:50:14','YYYY-MM-DD HH24:MI:SS');TO_DATE('2013-06-28','YYYY-MM-DD');TO_DATE('2013-06-24','YYYY-MM-DD');5;'Si';'Si';
1525823;41;29;6;0;NULL;TO_DATE('2013-11-01','YYYY-MM-DD');TO_TIMESTAMP('2013-11-04 18:34:39','YYYY-MM-DD HH24:MI:SS');NULL;NULL;NULL;'No';'No';
7576714;43;22;14;0;'juzo69@yahoo.com';TO_DATE('2014-01-31','YYYY-MM-DD');TO_TIMESTAMP('2014-02-04 02:34:21','YYYY-MM-DD HH24:MI:SS');TO_DATE('2014-02-19','YYYY-MM-DD');NULL;NULL;'Si';'No';
5460475;69;7;3;0;NULL;TO_DATE('2014-01-09','YYYY-MM-DD');TO_TIMESTAMP('2014-01-17 15:28:28','YYYY-MM-DD HH24:MI:SS');NULL;NULL;NULL;'No';'No';
712018;32;16;17;22;'paki19@yahoo.com';TO_DATE('2013-09-26','YYYY-MM-DD');TO_TIMESTAMP('2013-09-29 10:10:42','YYYY-MM-DD HH24:MI:SS');TO_DATE('2013-10-08','YYYY-MM-DD');TO_DATE('2013-10-04','YYYY-MM-DD');5;'Si';'Si';
5345442;67;8;10;10;'kido42@uniandes.edu.co';TO_DATE('2014-03-17','YYYY-MM-DD');TO_TIMESTAMP('2014-03-20 09:53:04','YYYY-MM-DD HH24:MI:SS');TO_DATE('2014-03-29','YYYY-MM-DD');TO_DATE('2014-03-27','YYYY-MM-DD');5;'Si';'Si';
8347130;70;8;9;0;NULL;TO_DATE('2013-12-22','YYYY-MM-DD');TO_TIMESTAMP('2013-12-22 23:50:16','YYYY-MM-DD HH24:MI:SS');NULL;NULL;NULL;'No';'No';
8739693;62;12;4;0;NULL;TO_DATE('2014-01-19','YYYY-MM-DD');TO_TIMESTAMP('2014-01-21 19:06:32','YYYY-MM-DD HH24:MI:SS');NULL;NULL;NULL;'No';'No';
6274315;56;29;9;17;'rofi34@gmail.com';TO_DATE('2013-07-04','YYYY-MM-DD');TO_TIMESTAMP('2013-07-13 18:13:50','YYYY-MM-DD HH24:MI:SS');TO_DATE('2013-07-28','YYYY-MM-DD');TO_DATE('2013-08-01','YYYY-MM-DD');1;'Si';'Si';
2687953;69;6;6;12;'lo35@uniandes.edu.co';TO_DATE('2014-03-26','YYYY-MM-DD');TO_TIMESTAMP('2014-04-02 00:20:51','YYYY-MM-DD HH24:MI:SS');TO_DATE('2014-04-10','YYYY-MM-DD');TO_DATE('2014-04-06','YYYY-MM-DD');5;'Si';'Si';
3845339;62;22;7;0;'re16@uniandes.edu.co';TO_DATE('2013-04-18','YYYY-MM-DD');TO_TIMESTAMP('2013-04-19 05:02:36','YYYY-MM-DD HH24:MI:SS');TO_DATE('2013-04-27','YYYY-MM-DD');NULL;NULL;'Si';'No';
9162539;53;11;12;14;'lu59@uniandes.edu.co';TO_DATE('2013-09-29','YYYY-MM-DD');TO_TIMESTAMP('2013-09-30 19:05:45','YYYY-MM-DD HH24:MI:SS');TO_DATE('2013-10-10','YYYY-MM-DD');TO_DATE('2013-10-13','YYYY-MM-DD');2;'Si';'Si';
7912482;41;15;8;0;'joca23@hotmail.com';TO_DATE('2013-11-29','YYYY-MM-DD');TO_TIMESTAMP('2013-12-04 15:49:27','YYYY-MM-DD HH24:MI:SS');TO_DATE('2013-12-19','YYYY-MM-DD');NULL;NULL;'Si';'No';
3975470;53;14;15;0;NULL;TO_DATE('2013-11-21','YYYY-MM-DD');TO_TIMESTAMP('2013-11-29 17:26:45','YYYY-MM-DD HH24:MI:SS');NULL;NULL;NULL;'No';'No';
5504740;70;3;4;0;'peqe75@gmail.com';TO_DATE('2013-05-24','YYYY-MM-DD');TO_TIMESTAMP('2013-05-29 07:13:59','YYYY-MM-DD HH24:MI:SS');TO_DATE('2013-06-11','YYYY-MM-DD');NULL;NULL;'Si';'No';
6991849;67;6;20;0;NULL;TO_DATE('2013-06-01','YYYY-MM-DD');TO_TIMESTAMP('2013-06-08 08:28:14','YYYY-MM-DD HH24:MI:SS');NULL;NULL;NULL;'No';'No';
1757000;40;11;19;19;'ko62@hotmail.com';TO_DATE('2013-11-02','YYYY-MM-DD');TO_TIMESTAMP('2013-11-12 05:21:43','YYYY-MM-DD HH24:MI:SS');TO_DATE('2013-11-21','YYYY-MM-DD');TO_DATE('2013-11-21','YYYY-MM-DD');5;'Si';'Si';
77691;15;23;3;6;'ke46@gmail.com';TO_DATE('2013-08-01','YYYY-MM-DD');TO_TIMESTAMP('2013-08-07 12:59:37','YYYY-MM-DD HH24:MI:SS');TO_DATE('2013-08-17','YYYY-MM-DD');TO_DATE('2013-08-20','YYYY-MM-DD');2;'Si';'Si';
4386914;3;30;9;11;'le97@uniandes.edu.co';TO_DATE('2014-01-09','YYYY-MM-DD');TO_TIMESTAMP('2014-01-15 10:43:43','YYYY-MM-DD HH24:MI:SS');TO_DATE('2014-01-22','YYYY-MM-DD');TO_DATE('2014-01-27','YYYY-MM-DD');0;'Si';'Si';
8196730;69;6;5;0;NULL;TO_DATE('2013-12-21','YYYY-MM-DD');TO_TIMESTAMP('2013-12-25 10:49:27','YYYY-MM-DD HH24:MI:SS');NULL;NULL;NULL;'No';'No';
1173486;72;2;16;0;'zufo3@hotmail.com';TO_DATE('2013-06-11','YYYY-MM-DD');TO_TIMESTAMP('2013-06-20 19:17:46','YYYY-MM-DD HH24:MI:SS');TO_DATE('2013-06-28','YYYY-MM-DD');NULL;NULL;'Si';'No';
4732002;64;21;6;0;'roha13@uniandes.edu.co';TO_DATE('2013-12-05','YYYY-MM-DD');TO_TIMESTAMP('2013-12-05 22:56:29','YYYY-MM-DD HH24:MI:SS');TO_DATE('2013-12-15','YYYY-MM-DD');NULL;NULL;'Si';'No';
2482548;72;8;19;0;NULL;TO_DATE('2013-08-03','YYYY-MM-DD');TO_TIMESTAMP('2013-08-14 04:12:09','YYYY-MM-DD HH24:MI:SS');NULL;NULL;NULL;'No';'No';
2888993;71;6;10;0;NULL;TO_DATE('2013-05-28','YYYY-MM-DD');TO_TIMESTAMP('2013-06-01 15:50:16','YYYY-MM-DD HH24:MI:SS');NULL;NULL;NULL;'No';'No';
1147255;68;7;19;0;'vu53@hotmail.com';TO_DATE('2013-10-18','YYYY-MM-DD');TO_TIMESTAMP('2013-10-29 02:02:34','YYYY-MM-DD HH24:MI:SS');TO_DATE('2013-11-05','YYYY-MM-DD');NULL;NULL;'Si';'No';
8473072;12;29;19;0;NULL;TO_DATE('2013-08-04','YYYY-MM-DD');TO_TIMESTAMP('2013-08-09 10:34:45','YYYY-MM-DD HH24:MI:SS');NULL;NULL;NULL;'No';'No';
2948884;67;8;7;0;'po62@yahoo.com';TO_DATE('2013-09-28','YYYY-MM-DD');TO_TIMESTAMP('2013-10-04 05:39:12','YYYY-MM-DD HH24:MI:SS');TO_DATE('2013-10-16','YYYY-MM-DD');NULL;NULL;'Si';'No';
5882657;63;30;14;21;'re16@uniandes.edu.co';TO_DATE('2013-09-24','YYYY-MM-DD');TO_TIMESTAMP('2013-09-25 21:15:38','YYYY-MM-DD HH24:MI:SS');TO_DATE('2013-10-03','YYYY-MM-DD');TO_DATE('2013-09-29','YYYY-MM-DD');5;'Si';'Si';
7183907;40;18;8;0;NULL;TO_DATE('2014-01-17','YYYY-MM-DD');TO_TIMESTAMP('2014-01-20 05:35:14','YYYY-MM-DD HH24:MI:SS');NULL;NULL;NULL;'No';'No';
2960347;71;3;13;0;NULL;TO_DATE('2014-02-01','YYYY-MM-DD');TO_TIMESTAMP('2014-02-06 13:18:17','YYYY-MM-DD HH24:MI:SS');NULL;NULL;NULL;'No';'No';
9717985;54;19;20;0;NULL;TO_DATE('2013-11-27','YYYY-MM-DD');TO_TIMESTAMP('2013-12-01 23:22:04','YYYY-MM-DD HH24:MI:SS');NULL;NULL;NULL;'No';'No';
3169344;33;12;3;4;'paki19@yahoo.com';TO_DATE('2013-06-01','YYYY-MM-DD');TO_TIMESTAMP('2013-06-05 08:29:43','YYYY-MM-DD HH24:MI:SS');TO_DATE('2013-06-12','YYYY-MM-DD');TO_DATE('2013-06-10','YYYY-MM-DD');5;'Si';'Si';
3404016;5;12;7;0;NULL;TO_DATE('2013-12-24','YYYY-MM-DD');TO_TIMESTAMP('2013-12-29 13:38:08','YYYY-MM-DD HH24:MI:SS');NULL;NULL;NULL;'No';'No';
8021360;52;28;3;3;'bi18@yahoo.com';TO_DATE('2013-08-28','YYYY-MM-DD');TO_TIMESTAMP('2013-09-07 04:49:28','YYYY-MM-DD HH24:MI:SS');TO_DATE('2013-09-20','YYYY-MM-DD');TO_DATE('2013-09-24','YYYY-MM-DD');1;'Si';'Si';
8830850;71;5;17;0;NULL;TO_DATE('2013-05-27','YYYY-MM-DD');TO_TIMESTAMP('2013-06-01 05:57:46','YYYY-MM-DD HH24:MI:SS');NULL;NULL;NULL;'No';'No';
2039142;64;23;17;0;NULL;TO_DATE('2014-01-16','YYYY-MM-DD');TO_TIMESTAMP('2014-01-25 03:31:06','YYYY-MM-DD HH24:MI:SS');NULL;NULL;NULL;'No';'No';
6514270;72;9;8;0;'lo35@uniandes.edu.co';TO_DATE('2013-08-15','YYYY-MM-DD');TO_TIMESTAMP('2013-08-15 15:08:01','YYYY-MM-DD HH24:MI:SS');TO_DATE('2013-08-26','YYYY-MM-DD');NULL;NULL;'Si';'No';
2092600;70;5;20;0;NULL;TO_DATE('2013-09-07','YYYY-MM-DD');TO_TIMESTAMP('2013-09-08 11:45:31','YYYY-MM-DD HH24:MI:SS');NULL;NULL;NULL;'No';'No';
5141966;64;29;17;0;'rofi34@gmail.com';TO_DATE('2014-02-23','YYYY-MM-DD');TO_TIMESTAMP('2014-03-05 07:08:43','YYYY-MM-DD HH24:MI:SS');TO_DATE('2014-03-14','YYYY-MM-DD');NULL;NULL;'Si';'No';
7326943;70;6;12;0;'xuze3@yahoo.com';TO_DATE('2014-02-23','YYYY-MM-DD');TO_TIMESTAMP('2014-02-24 07:50:43','YYYY-MM-DD HH24:MI:SS');TO_DATE('2014-03-05','YYYY-MM-DD');NULL;NULL;'Si';'No';
1476530;35;15;10;0;'sopu71@gmail.com';TO_DATE('2014-03-01','YYYY-MM-DD');TO_TIMESTAMP('2014-03-01 14:05:31','YYYY-MM-DD HH24:MI:SS');TO_DATE('2014-03-11','YYYY-MM-DD');NULL;NULL;'Si';'No';
9581790;62;24;18;0;'re16@uniandes.edu.co';TO_DATE('2013-04-28','YYYY-MM-DD');TO_TIMESTAMP('2013-04-30 03:42:08','YYYY-MM-DD HH24:MI:SS');TO_DATE('2013-05-15','YYYY-MM-DD');NULL;NULL;'Si';'No';
9662953;41;24;5;0;NULL;TO_DATE('2014-02-20','YYYY-MM-DD');TO_TIMESTAMP('2014-02-22 19:32:57','YYYY-MM-DD HH24:MI:SS');NULL;NULL;NULL;'No';'No';
6256067;71;5;7;0;NULL;TO_DATE('2013-11-18','YYYY-MM-DD');TO_TIMESTAMP('2013-11-27 04:01:15','YYYY-MM-DD HH24:MI:SS');NULL;NULL;NULL;'No';'No';
7085776;68;8;15;0;'dixu22@yahoo.com';TO_DATE('2013-12-08','YYYY-MM-DD');TO_TIMESTAMP('2013-12-12 17:48:31','YYYY-MM-DD HH24:MI:SS');TO_DATE('2013-12-24','YYYY-MM-DD');NULL;NULL;'Si';'No';
2278541;58;29;13;0;NULL;TO_DATE('2013-11-02','YYYY-MM-DD');TO_TIMESTAMP('2013-11-05 22:03:54','YYYY-MM-DD HH24:MI:SS');NULL;NULL;NULL;'No';'No';
2555563;72;5;11;0;'kido42@uniandes.edu.co';TO_DATE('2013-08-18','YYYY-MM-DD');TO_TIMESTAMP('2013-08-25 09:00:49','YYYY-MM-DD HH24:MI:SS');TO_DATE('2013-09-01','YYYY-MM-DD');NULL;NULL;'Si';'No';
3562534;52;23;18;0;NULL;TO_DATE('2013-10-19','YYYY-MM-DD');TO_TIMESTAMP('2013-10-30 12:36:47','YYYY-MM-DD HH24:MI:SS');NULL;NULL;NULL;'No';'No';
1452602;70;3;18;0;NULL;TO_DATE('2013-11-28','YYYY-MM-DD');TO_TIMESTAMP('2013-12-08 08:53:22','YYYY-MM-DD HH24:MI:SS');NULL;NULL;NULL;'No';'No';
6175522;68;4;14;0;'bu86@yahoo.com';TO_DATE('2013-06-06','YYYY-MM-DD');TO_TIMESTAMP('2013-06-09 16:12:57','YYYY-MM-DD HH24:MI:SS');TO_DATE('2013-06-21','YYYY-MM-DD');NULL;NULL;'Si';'No';
7424540;55;16;5;0;NULL;TO_DATE('2014-01-12','YYYY-MM-DD');TO_TIMESTAMP('2014-01-16 03:27:08','YYYY-MM-DD HH24:MI:SS');NULL;NULL;NULL;'No';'No';
252244;71;2;13;0;NULL;TO_DATE('2014-01-12','YYYY-MM-DD');TO_TIMESTAMP('2014-01-20 01:03:24','YYYY-MM-DD HH24:MI:SS');NULL;NULL;NULL;'No';'No';
1091116;68;1;16;16;'po62@yahoo.com';TO_DATE('2013-11-26','YYYY-MM-DD');TO_TIMESTAMP('2013-12-03 21:58:54','YYYY-MM-DD HH24:MI:SS');TO_DATE('2013-12-10','YYYY-MM-DD');TO_DATE('2013-12-08','YYYY-MM-DD');5;'Si';'Si';
6470592;69;9;19;0;NULL;TO_DATE('2013-06-14','YYYY-MM-DD');TO_TIMESTAMP('2013-06-21 01:33:24','YYYY-MM-DD HH24:MI:SS');NULL;NULL;NULL;'No';'No';
2862417;68;2;10;0;NULL;TO_DATE('2013-11-13','YYYY-MM-DD');TO_TIMESTAMP('2013-11-17 17:20:57','YYYY-MM-DD HH24:MI:SS');NULL;NULL;NULL;'No';'No';
4205141;41;22;20;0;NULL;TO_DATE('2014-01-14','YYYY-MM-DD');TO_TIMESTAMP('2014-01-20 09:06:03','YYYY-MM-DD HH24:MI:SS');NULL;NULL;NULL;'No';'No';
249035;31;29;15;0;NULL;TO_DATE('2013-10-09','YYYY-MM-DD');TO_TIMESTAMP('2013-10-09 22:28:32','YYYY-MM-DD HH24:MI:SS');NULL;NULL;NULL;'No';'No';
37591;20;19;3;0;NULL;TO_DATE('2013-08-22','YYYY-MM-DD');TO_TIMESTAMP('2013-09-01 20:10:46','YYYY-MM-DD HH24:MI:SS');NULL;NULL;NULL;'No';'No';
3923690;32;22;2;0;NULL;TO_DATE('2013-10-09','YYYY-MM-DD');TO_TIMESTAMP('2013-10-10 13:57:44','YYYY-MM-DD HH24:MI:SS');NULL;NULL;NULL;'No';'No';
8212005;72;6;14;0;'hexo12@yahoo.com';TO_DATE('2013-07-14','YYYY-MM-DD');TO_TIMESTAMP('2013-07-23 17:04:04','YYYY-MM-DD HH24:MI:SS');TO_DATE('2013-08-06','YYYY-MM-DD');NULL;NULL;'Si';'No';
4010653;41;11;10;0;'pa82@uniandes.edu.co';TO_DATE('2014-02-14','YYYY-MM-DD');TO_TIMESTAMP('2014-02-19 15:49:56','YYYY-MM-DD HH24:MI:SS');TO_DATE('2014-03-03','YYYY-MM-DD');NULL;NULL;'Si';'No';
9414131;65;25;17;0;'roha13@uniandes.edu.co';TO_DATE('2013-04-24','YYYY-MM-DD');TO_TIMESTAMP('2013-05-03 12:06:01','YYYY-MM-DD HH24:MI:SS');TO_DATE('2013-05-10','YYYY-MM-DD');NULL;NULL;'Si';'No';
9660316;10;13;6;0;NULL;TO_DATE('2013-04-27','YYYY-MM-DD');TO_TIMESTAMP('2013-04-28 14:51:31','YYYY-MM-DD HH24:MI:SS');NULL;NULL;NULL;'No';'No';
2552155;58;15;16;0;NULL;TO_DATE('2014-01-17','YYYY-MM-DD');TO_TIMESTAMP('2014-01-27 07:22:30','YYYY-MM-DD HH24:MI:SS');NULL;NULL;NULL;'No';'No';
7954035;69;6;6;0;NULL;TO_DATE('2014-03-18','YYYY-MM-DD');TO_TIMESTAMP('2014-03-26 04:59:31','YYYY-MM-DD HH24:MI:SS');NULL;NULL;NULL;'No';'No';
3385937;62;21;5;0;'nobe91@yahoo.com';TO_DATE('2013-11-13','YYYY-MM-DD');TO_TIMESTAMP('2013-11-17 21:37:20','YYYY-MM-DD HH24:MI:SS');TO_DATE('2013-11-29','YYYY-MM-DD');NULL;NULL;'Si';'No';
3313530;71;1;15;0;NULL;TO_DATE('2013-08-26','YYYY-MM-DD');TO_TIMESTAMP('2013-09-04 03:15:23','YYYY-MM-DD HH24:MI:SS');NULL;NULL;NULL;'No';'No';
1093399;57;21;2;0;'seqo49@uniandes.edu.co';TO_DATE('2013-08-24','YYYY-MM-DD');TO_TIMESTAMP('2013-09-04 05:07:41','YYYY-MM-DD HH24:MI:SS');TO_DATE('2013-09-19','YYYY-MM-DD');NULL;NULL;'Si';'No';
77728;61;12;5;0;NULL;TO_DATE('2014-03-03','YYYY-MM-DD');TO_TIMESTAMP('2014-03-08 08:11:06','YYYY-MM-DD HH24:MI:SS');NULL;NULL;NULL;'No';'No';
4320628;71;5;5;0;NULL;TO_DATE('2013-08-08','YYYY-MM-DD');TO_TIMESTAMP('2013-08-19 05:22:36','YYYY-MM-DD HH24:MI:SS');NULL;NULL;NULL;'No';'No';
4581915;11;24;13;13;'xiju86@hotmail.com';TO_DATE('2013-04-22','YYYY-MM-DD');TO_TIMESTAMP('2013-04-26 17:29:18','YYYY-MM-DD HH24:MI:SS');TO_DATE('2013-05-06','YYYY-MM-DD');TO_DATE('2013-05-09','YYYY-MM-DD');2;'Si';'Si';
7738974;3;16;15;24;'ke46@gmail.com';TO_DATE('2013-10-10','YYYY-MM-DD');TO_TIMESTAMP('2013-10-17 07:26:32','YYYY-MM-DD HH24:MI:SS');TO_DATE('2013-10-28','YYYY-MM-DD');TO_DATE('2013-10-27','YYYY-MM-DD');5;'Si';'Si';
7529496;37;27;12;12;'ko62@hotmail.com';TO_DATE('2014-03-17','YYYY-MM-DD');TO_TIMESTAMP('2014-03-25 19:32:45','YYYY-MM-DD HH24:MI:SS');TO_DATE('2014-04-05','YYYY-MM-DD');TO_DATE('2014-04-01','YYYY-MM-DD');5;'Si';'Si';
968805;69;2;11;11;'kido42@uniandes.edu.co';TO_DATE('2013-06-18','YYYY-MM-DD');TO_TIMESTAMP('2013-06-20 19:25:46','YYYY-MM-DD HH24:MI:SS');TO_DATE('2013-07-03','YYYY-MM-DD');TO_DATE('2013-07-01','YYYY-MM-DD');5;'Si';'Si';
2987536;70;1;10;0;NULL;TO_DATE('2013-12-27','YYYY-MM-DD');TO_TIMESTAMP('2013-12-27 20:26:27','YYYY-MM-DD HH24:MI:SS');NULL;NULL;NULL;'No';'No';
4883763;67;9;3;0;'bu86@yahoo.com';TO_DATE('2013-08-25','YYYY-MM-DD');TO_TIMESTAMP('2013-09-03 03:51:46','YYYY-MM-DD HH24:MI:SS');TO_DATE('2013-09-16','YYYY-MM-DD');NULL;NULL;'Si';'No';
9733435;49;17;1;0;NULL;TO_DATE('2014-03-26','YYYY-MM-DD');TO_TIMESTAMP('2014-04-05 07:02:57','YYYY-MM-DD HH24:MI:SS');NULL;NULL;NULL;'No';'No';
7498108;72;10;4;0;NULL;TO_DATE('2013-12-17','YYYY-MM-DD');TO_TIMESTAMP('2013-12-24 02:29:28','YYYY-MM-DD HH24:MI:SS');NULL;NULL;NULL;'No';'No';
3174146;55;15;17;17;'ya84@uniandes.edu.co';TO_DATE('2013-07-02','YYYY-MM-DD');TO_TIMESTAMP('2013-07-06 06:29:28','YYYY-MM-DD HH24:MI:SS');TO_DATE('2013-07-21','YYYY-MM-DD');TO_DATE('2013-07-23','YYYY-MM-DD');3;'Si';'Si';
8930446;65;16;18;0;NULL;TO_DATE('2014-01-28','YYYY-MM-DD');TO_TIMESTAMP('2014-02-04 07:41:46','YYYY-MM-DD HH24:MI:SS');NULL;NULL;NULL;'No';'No';
3478546;41;16;13;23;'joca23@hotmail.com';TO_DATE('2013-09-05','YYYY-MM-DD');TO_TIMESTAMP('2013-09-12 00:41:24','YYYY-MM-DD HH24:MI:SS');TO_DATE('2013-09-19','YYYY-MM-DD');TO_DATE('2013-09-18','YYYY-MM-DD');5;'Si';'Si';
7682263;69;2;15;0;'lo35@uniandes.edu.co';TO_DATE('2013-12-14','YYYY-MM-DD');TO_TIMESTAMP('2013-12-18 16:25:26','YYYY-MM-DD HH24:MI:SS');TO_DATE('2013-12-30','YYYY-MM-DD');NULL;NULL;'Si';'No';
3760537;6;27;12;0;NULL;TO_DATE('2013-10-27','YYYY-MM-DD');TO_TIMESTAMP('2013-11-02 08:36:46','YYYY-MM-DD HH24:MI:SS');NULL;NULL;NULL;'No';'No';
3440526;39;15;20;0;NULL;TO_DATE('2013-08-30','YYYY-MM-DD');TO_TIMESTAMP('2013-09-05 13:15:31','YYYY-MM-DD HH24:MI:SS');NULL;NULL;NULL;'No';'No';
516400;67;8;11;0;'zufo3@hotmail.com';TO_DATE('2013-10-09','YYYY-MM-DD');TO_TIMESTAMP('2013-10-18 13:27:40','YYYY-MM-DD HH24:MI:SS');TO_DATE('2013-10-27','YYYY-MM-DD');NULL;NULL;'Si';'No';
6490380;70;8;2;3;'po62@yahoo.com';TO_DATE('2013-11-29','YYYY-MM-DD');TO_TIMESTAMP('2013-12-05 21:10:21','YYYY-MM-DD HH24:MI:SS');TO_DATE('2013-12-15','YYYY-MM-DD');TO_DATE('2013-12-15','YYYY-MM-DD');5;'Si';'Si';
9877167;36;30;4;0;NULL;TO_DATE('2014-03-21','YYYY-MM-DD');TO_TIMESTAMP('2014-03-23 17:34:08','YYYY-MM-DD HH24:MI:SS');NULL;NULL;NULL;'No';'No';
4551292;70;10;2;0;NULL;TO_DATE('2013-10-24','YYYY-MM-DD');TO_TIMESTAMP('2013-10-26 13:53:25','YYYY-MM-DD HH24:MI:SS');NULL;NULL;NULL;'No';'No';
7100633;14;25;12;18;'joca23@hotmail.com';TO_DATE('2013-12-22','YYYY-MM-DD');TO_TIMESTAMP('2013-12-26 15:38:29','YYYY-MM-DD HH24:MI:SS');TO_DATE('2014-01-10','YYYY-MM-DD');TO_DATE('2014-01-07','YYYY-MM-DD');5;'Si';'Si';
8585458;1;26;13;0;'du32@hotmail.com';TO_DATE('2013-10-13','YYYY-MM-DD');TO_TIMESTAMP('2013-10-22 08:23:51','YYYY-MM-DD HH24:MI:SS');TO_DATE('2013-10-31','YYYY-MM-DD');NULL;NULL;'Si';'No';
2684087;70;1;12;12;'weqo42@gmail.com';TO_DATE('2014-01-07','YYYY-MM-DD');TO_TIMESTAMP('2014-01-16 16:20:56','YYYY-MM-DD HH24:MI:SS');TO_DATE('2014-01-28','YYYY-MM-DD');TO_DATE('2014-02-01','YYYY-MM-DD');1;'Si';'Si';
4544284;23;19;13;0;NULL;TO_DATE('2014-04-14','YYYY-MM-DD');TO_TIMESTAMP('2014-04-16 00:07:48','YYYY-MM-DD HH24:MI:SS');NULL;NULL;NULL;'No';'No';
5845621;37;28;18;18;'jaqe80@uniandes.edu.co';TO_DATE('2013-11-02','YYYY-MM-DD');TO_TIMESTAMP('2013-11-02 23:20:50','YYYY-MM-DD HH24:MI:SS');TO_DATE('2013-11-13','YYYY-MM-DD');TO_DATE('2013-11-15','YYYY-MM-DD');3;'Si';'Si';
2898643;18;27;5;0;NULL;TO_DATE('2014-03-08','YYYY-MM-DD');TO_TIMESTAMP('2014-03-14 15:33:53','YYYY-MM-DD HH24:MI:SS');NULL;NULL;NULL;'No';'No';
9852444;58;17;16;17;'xuya77@hotmail.com';TO_DATE('2013-04-16','YYYY-MM-DD');TO_TIMESTAMP('2013-04-17 19:42:05','YYYY-MM-DD HH24:MI:SS');TO_DATE('2013-05-01','YYYY-MM-DD');TO_DATE('2013-04-26','YYYY-MM-DD');5;'Si';'Si';
4473421;68;5;8;10;'bu86@yahoo.com';TO_DATE('2014-03-21','YYYY-MM-DD');TO_TIMESTAMP('2014-03-28 07:44:06','YYYY-MM-DD HH24:MI:SS');TO_DATE('2014-04-11','YYYY-MM-DD');TO_DATE('2014-04-10','YYYY-MM-DD');5;'Si';'Si';
1182305;68;4;10;20;'pixu63@uniandes.edu.co';TO_DATE('2014-02-23','YYYY-MM-DD');TO_TIMESTAMP('2014-03-03 15:10:16','YYYY-MM-DD HH24:MI:SS');TO_DATE('2014-03-16','YYYY-MM-DD');TO_DATE('2014-03-17','YYYY-MM-DD');4;'Si';'Si';
4986292;60;16;19;0;NULL;TO_DATE('2013-04-16','YYYY-MM-DD');TO_TIMESTAMP('2013-04-20 18:01:53','YYYY-MM-DD HH24:MI:SS');NULL;NULL;NULL;'No';'No';
9253829;68;5;17;0;NULL;TO_DATE('2013-11-02','YYYY-MM-DD');TO_TIMESTAMP('2013-11-07 16:41:03','YYYY-MM-DD HH24:MI:SS');NULL;NULL;NULL;'No';'No';
2073431;20;11;1;0;NULL;TO_DATE('2013-05-04','YYYY-MM-DD');TO_TIMESTAMP('2013-05-13 05:24:17','YYYY-MM-DD HH24:MI:SS');NULL;NULL;NULL;'No';'No';
8196548;51;24;16;0;'to8@yahoo.com';TO_DATE('2013-11-22','YYYY-MM-DD');TO_TIMESTAMP('2013-11-25 06:15:26','YYYY-MM-DD HH24:MI:SS');TO_DATE('2013-12-02','YYYY-MM-DD');NULL;NULL;'Si';'No';
5261572;61;19;4;0;NULL;TO_DATE('2013-11-09','YYYY-MM-DD');TO_TIMESTAMP('2013-11-19 22:35:45','YYYY-MM-DD HH24:MI:SS');NULL;NULL;NULL;'No';'No';
5170051;67;9;13;0;NULL;TO_DATE('2013-08-25','YYYY-MM-DD');TO_TIMESTAMP('2013-08-27 19:25:02','YYYY-MM-DD HH24:MI:SS');NULL;NULL;NULL;'No';'No';
1535512;48;12;1;0;NULL;TO_DATE('2013-05-09','YYYY-MM-DD');TO_TIMESTAMP('2013-05-15 08:44:14','YYYY-MM-DD HH24:MI:SS');NULL;NULL;NULL;'No';'No';
646734;58;11;3;0;'nese28@uniandes.edu.co';TO_DATE('2014-02-28','YYYY-MM-DD');TO_TIMESTAMP('2014-03-02 23:04:32','YYYY-MM-DD HH24:MI:SS');TO_DATE('2014-03-10','YYYY-MM-DD');NULL;NULL;'Si';'No';
2499718;57;26;12;0;NULL;TO_DATE('2013-08-24','YYYY-MM-DD');TO_TIMESTAMP('2013-08-30 06:00:34','YYYY-MM-DD HH24:MI:SS');NULL;NULL;NULL;'No';'No';
5155174;69;7;18;0;'qaco88@gmail.com';TO_DATE('2014-03-28','YYYY-MM-DD');TO_TIMESTAMP('2014-03-31 22:26:50','YYYY-MM-DD HH24:MI:SS');TO_DATE('2014-04-09','YYYY-MM-DD');NULL;NULL;'Si';'No';
1672652;39;19;17;17;'rola90@uniandes.edu.co';TO_DATE('2014-01-02','YYYY-MM-DD');TO_TIMESTAMP('2014-01-06 02:14:41','YYYY-MM-DD HH24:MI:SS');TO_DATE('2014-01-15','YYYY-MM-DD');TO_DATE('2014-01-15','YYYY-MM-DD');5;'Si';'Si';
329073;68;5;2;2;'po62@yahoo.com';TO_DATE('2013-11-18','YYYY-MM-DD');TO_TIMESTAMP('2013-11-23 10:46:26','YYYY-MM-DD HH24:MI:SS');TO_DATE('2013-12-03','YYYY-MM-DD');TO_DATE('2013-12-05','YYYY-MM-DD');3;'Si';'Si';
9522772;40;30;1;0;NULL;TO_DATE('2013-04-19','YYYY-MM-DD');TO_TIMESTAMP('2013-04-19 20:30:11','YYYY-MM-DD HH24:MI:SS');NULL;NULL;NULL;'No';'No';
7197243;40;22;9;13;'jaqe80@uniandes.edu.co';TO_DATE('2013-08-19','YYYY-MM-DD');TO_TIMESTAMP('2013-08-26 04:59:03','YYYY-MM-DD HH24:MI:SS');TO_DATE('2013-09-03','YYYY-MM-DD');TO_DATE('2013-08-31','YYYY-MM-DD');5;'Si';'Si';
5489746;36;30;16;16;'rola90@uniandes.edu.co';TO_DATE('2013-10-18','YYYY-MM-DD');TO_TIMESTAMP('2013-10-29 07:10:48','YYYY-MM-DD HH24:MI:SS');TO_DATE('2013-11-05','YYYY-MM-DD');TO_DATE('2013-11-09','YYYY-MM-DD');1;'Si';'Si';
1668949;58;21;11;0;'xuya77@hotmail.com';TO_DATE('2013-05-05','YYYY-MM-DD');TO_TIMESTAMP('2013-05-12 00:53:30','YYYY-MM-DD HH24:MI:SS');TO_DATE('2013-05-26','YYYY-MM-DD');NULL;NULL;'Si';'No';
8347195;65;25;15;0;NULL;TO_DATE('2013-06-13','YYYY-MM-DD');TO_TIMESTAMP('2013-06-14 21:45:29','YYYY-MM-DD HH24:MI:SS');NULL;NULL;NULL;'No';'No';
2090459;68;2;1;0;'lo35@uniandes.edu.co';TO_DATE('2014-04-07','YYYY-MM-DD');TO_TIMESTAMP('2014-04-15 08:18:09','YYYY-MM-DD HH24:MI:SS');TO_DATE('2014-04-23','YYYY-MM-DD');NULL;NULL;'Si';'No';
1833206;53;17;8;0;NULL;TO_DATE('2013-11-27','YYYY-MM-DD');TO_TIMESTAMP('2013-12-05 10:54:38','YYYY-MM-DD HH24:MI:SS');NULL;NULL;NULL;'No';'No';
5880920;42;24;8;0;NULL;TO_DATE('2013-05-07','YYYY-MM-DD');TO_TIMESTAMP('2013-05-14 09:22:55','YYYY-MM-DD HH24:MI:SS');NULL;NULL;NULL;'No';'No';
7945050;63;16;10;20;'ne45@yahoo.com';TO_DATE('2013-10-27','YYYY-MM-DD');TO_TIMESTAMP('2013-11-04 09:42:58','YYYY-MM-DD HH24:MI:SS');TO_DATE('2013-11-12','YYYY-MM-DD');TO_DATE('2013-11-13','YYYY-MM-DD');4;'Si';'Si';
776170;6;20;16;0;NULL;TO_DATE('2013-09-10','YYYY-MM-DD');TO_TIMESTAMP('2013-09-14 16:01:42','YYYY-MM-DD HH24:MI:SS');NULL;NULL;NULL;'No';'No';
6476259;67;1;6;0;NULL;TO_DATE('2013-04-29','YYYY-MM-DD');TO_TIMESTAMP('2013-05-10 03:48:24','YYYY-MM-DD HH24:MI:SS');NULL;NULL;NULL;'No';'No';
7820826;51;28;9;0;NULL;TO_DATE('2013-12-09','YYYY-MM-DD');TO_TIMESTAMP('2013-12-16 03:56:50','YYYY-MM-DD HH24:MI:SS');NULL;NULL;NULL;'No';'No';
7892314;5;18;15;0;NULL;TO_DATE('2013-08-24','YYYY-MM-DD');TO_TIMESTAMP('2013-08-27 20:19:20','YYYY-MM-DD HH24:MI:SS');NULL;NULL;NULL;'No';'No';
9994519;12;24;12;0;NULL;TO_DATE('2014-04-04','YYYY-MM-DD');TO_TIMESTAMP('2014-04-05 21:17:04','YYYY-MM-DD HH24:MI:SS');NULL;NULL;NULL;'No';'No';
9158321;40;28;2;0;NULL;TO_DATE('2013-06-05','YYYY-MM-DD');TO_TIMESTAMP('2013-06-10 23:15:15','YYYY-MM-DD HH24:MI:SS');NULL;NULL;NULL;'No';'No';
2256660;71;9;7;0;NULL;TO_DATE('2013-06-02','YYYY-MM-DD');TO_TIMESTAMP('2013-06-09 06:54:56','YYYY-MM-DD HH24:MI:SS');NULL;NULL;NULL;'No';'No';
3498552;14;20;12;12;'xiju86@hotmail.com';TO_DATE('2013-11-26','YYYY-MM-DD');TO_TIMESTAMP('2013-12-02 16:03:04','YYYY-MM-DD HH24:MI:SS');TO_DATE('2013-12-09','YYYY-MM-DD');TO_DATE('2013-12-10','YYYY-MM-DD');4;'Si';'Si';
6569626;62;15;5;0;'mo36@gmail.com';TO_DATE('2014-03-12','YYYY-MM-DD');TO_TIMESTAMP('2014-03-17 19:07:24','YYYY-MM-DD HH24:MI:SS');TO_DATE('2014-03-29','YYYY-MM-DD');NULL;NULL;'Si';'No';
2914725;71;7;11;0;'pixu63@uniandes.edu.co';TO_DATE('2013-06-25','YYYY-MM-DD');TO_TIMESTAMP('2013-06-29 04:37:01','YYYY-MM-DD HH24:MI:SS');TO_DATE('2013-07-08','YYYY-MM-DD');NULL;NULL;'Si';'No';
5174750;32;24;3;0;NULL;TO_DATE('2013-08-07','YYYY-MM-DD');TO_TIMESTAMP('2013-08-12 10:14:07','YYYY-MM-DD HH24:MI:SS');NULL;NULL;NULL;'No';'No';
667797;70;5;8;0;'go36@gmail.com';TO_DATE('2013-07-01','YYYY-MM-DD');TO_TIMESTAMP('2013-07-09 10:32:35','YYYY-MM-DD HH24:MI:SS');TO_DATE('2013-07-21','YYYY-MM-DD');NULL;NULL;'Si';'No';
4246245;67;9;5;0;'vu53@hotmail.com';TO_DATE('2013-10-26','YYYY-MM-DD');TO_TIMESTAMP('2013-10-30 17:02:21','YYYY-MM-DD HH24:MI:SS');TO_DATE('2013-11-06','YYYY-MM-DD');NULL;NULL;'Si';'No';
7531977;31;30;3;0;NULL;TO_DATE('2013-08-22','YYYY-MM-DD');TO_TIMESTAMP('2013-08-25 13:30:12','YYYY-MM-DD HH24:MI:SS');NULL;NULL;NULL;'No';'No';
472491;26;13;18;28;'ru61@uniandes.edu.co';TO_DATE('2013-09-08','YYYY-MM-DD');TO_TIMESTAMP('2013-09-15 14:51:29','YYYY-MM-DD HH24:MI:SS');TO_DATE('2013-09-24','YYYY-MM-DD');TO_DATE('2013-09-26','YYYY-MM-DD');3;'Si';'Si';
1838873;69;3;11;0;NULL;TO_DATE('2014-02-21','YYYY-MM-DD');TO_TIMESTAMP('2014-02-22 14:44:29','YYYY-MM-DD HH24:MI:SS');NULL;NULL;NULL;'No';'No';
7017678;69;10;15;15;'peqe75@gmail.com';TO_DATE('2013-11-01','YYYY-MM-DD');TO_TIMESTAMP('2013-11-08 18:45:39','YYYY-MM-DD HH24:MI:SS');TO_DATE('2013-11-19','YYYY-MM-DD');TO_DATE('2013-11-24','YYYY-MM-DD');0;'Si';'Si';
7230782;38;13;6;0;NULL;TO_DATE('2014-01-11','YYYY-MM-DD');TO_TIMESTAMP('2014-01-21 20:08:03','YYYY-MM-DD HH24:MI:SS');NULL;NULL;NULL;'No';'No';
1860767;57;25;19;19;'to8@yahoo.com';TO_DATE('2013-10-03','YYYY-MM-DD');TO_TIMESTAMP('2013-10-06 08:10:33','YYYY-MM-DD HH24:MI:SS');TO_DATE('2013-10-21','YYYY-MM-DD');TO_DATE('2013-10-20','YYYY-MM-DD');5;'Si';'Si';
598394;69;3;10;0;NULL;TO_DATE('2013-05-08','YYYY-MM-DD');TO_TIMESTAMP('2013-05-19 08:18:20','YYYY-MM-DD HH24:MI:SS');NULL;NULL;NULL;'No';'No';
2535885;9;18;7;0;'paki19@yahoo.com';TO_DATE('2013-09-10','YYYY-MM-DD');TO_TIMESTAMP('2013-09-18 23:19:16','YYYY-MM-DD HH24:MI:SS');TO_DATE('2013-09-29','YYYY-MM-DD');NULL;NULL;'Si';'No';
6670509;60;24;19;0;NULL;TO_DATE('2014-04-02','YYYY-MM-DD');TO_TIMESTAMP('2014-04-10 13:25:15','YYYY-MM-DD HH24:MI:SS');NULL;NULL;NULL;'No';'No';
5637792;70;4;1;0;NULL;TO_DATE('2013-05-30','YYYY-MM-DD');TO_TIMESTAMP('2013-06-02 02:37:28','YYYY-MM-DD HH24:MI:SS');NULL;NULL;NULL;'No';'No';
38572;68;3;16;27;'qaco88@gmail.com';TO_DATE('2014-03-14','YYYY-MM-DD');TO_TIMESTAMP('2014-03-23 20:10:12','YYYY-MM-DD HH24:MI:SS');TO_DATE('2014-03-31','YYYY-MM-DD');TO_DATE('2014-03-26','YYYY-MM-DD');5;'Si';'Si';
4233446;14;22;16;0;NULL;TO_DATE('2014-02-25','YYYY-MM-DD');TO_TIMESTAMP('2014-03-07 16:03:13','YYYY-MM-DD HH24:MI:SS');NULL;NULL;NULL;'No';'No';
920712;56;19;12;12;'rofi34@gmail.com';TO_DATE('2013-12-06','YYYY-MM-DD');TO_TIMESTAMP('2013-12-14 20:01:37','YYYY-MM-DD HH24:MI:SS');TO_DATE('2013-12-29','YYYY-MM-DD');TO_DATE('2014-01-01','YYYY-MM-DD');2;'Si';'Si';
2774271;56;22;17;0;NULL;TO_DATE('2014-01-23','YYYY-MM-DD');TO_TIMESTAMP('2014-01-26 05:36:35','YYYY-MM-DD HH24:MI:SS');NULL;NULL;NULL;'No';'No';
927429;37;20;15;0;NULL;TO_DATE('2013-12-07','YYYY-MM-DD');TO_TIMESTAMP('2013-12-07 21:44:45','YYYY-MM-DD HH24:MI:SS');NULL;NULL;NULL;'No';'No';
9137593;17;19;7;0;'soxo3@gmail.com';TO_DATE('2014-02-21','YYYY-MM-DD');TO_TIMESTAMP('2014-02-27 13:57:48','YYYY-MM-DD HH24:MI:SS');TO_DATE('2014-03-12','YYYY-MM-DD');NULL;NULL;'Si';'No';
603148;67;7;6;0;NULL;TO_DATE('2013-07-02','YYYY-MM-DD');TO_TIMESTAMP('2013-07-09 00:24:11','YYYY-MM-DD HH24:MI:SS');NULL;NULL;NULL;'No';'No';
1438162;62;22;19;24;'lu59@uniandes.edu.co';TO_DATE('2013-07-30','YYYY-MM-DD');TO_TIMESTAMP('2013-08-06 16:00:07','YYYY-MM-DD HH24:MI:SS');TO_DATE('2013-08-14','YYYY-MM-DD');TO_DATE('2013-08-09','YYYY-MM-DD');5;'Si';'Si';
5990131;56;23;16;0;'vazi20@hotmail.com';TO_DATE('2013-04-21','YYYY-MM-DD');TO_TIMESTAMP('2013-04-24 10:54:16','YYYY-MM-DD HH24:MI:SS');TO_DATE('2013-05-03','YYYY-MM-DD');NULL;NULL;'Si';'No';
6063069;29;16;11;0;'du32@hotmail.com';TO_DATE('2013-10-07','YYYY-MM-DD');TO_TIMESTAMP('2013-10-11 13:01:03','YYYY-MM-DD HH24:MI:SS');TO_DATE('2013-10-23','YYYY-MM-DD');NULL;NULL;'Si';'No';
1898328;42;14;9;0;'xa62@uniandes.edu.co';TO_DATE('2013-05-24','YYYY-MM-DD');TO_TIMESTAMP('2013-05-28 10:38:33','YYYY-MM-DD HH24:MI:SS');TO_DATE('2013-06-06','YYYY-MM-DD');NULL;NULL;'Si';'No';
4453019;67;8;13;13;'hexo12@yahoo.com';TO_DATE('2013-08-02','YYYY-MM-DD');TO_TIMESTAMP('2013-08-05 17:59:50','YYYY-MM-DD HH24:MI:SS');TO_DATE('2013-08-20','YYYY-MM-DD');TO_DATE('2013-08-25','YYYY-MM-DD');0;'Si';'Si';
5613665;53;11;7;0;NULL;TO_DATE('2013-04-25','YYYY-MM-DD');TO_TIMESTAMP('2013-04-28 08:25:38','YYYY-MM-DD HH24:MI:SS');NULL;NULL;NULL;'No';'No';
728902;22;13;2;0;'juzo69@yahoo.com';TO_DATE('2013-07-22','YYYY-MM-DD');TO_TIMESTAMP('2013-07-30 03:04:31','YYYY-MM-DD HH24:MI:SS');TO_DATE('2013-08-14','YYYY-MM-DD');NULL;NULL;'Si';'No';
5468946;62;23;20;0;NULL;TO_DATE('2013-12-18','YYYY-MM-DD');TO_TIMESTAMP('2013-12-26 02:52:20','YYYY-MM-DD HH24:MI:SS');NULL;NULL;NULL;'No';'No';
3225641;72;7;10;0;NULL;TO_DATE('2013-06-23','YYYY-MM-DD');TO_TIMESTAMP('2013-06-25 22:51:18','YYYY-MM-DD HH24:MI:SS');NULL;NULL;NULL;'No';'No';
7319513;67;3;8;0;'vi15@gmail.com';TO_DATE('2013-10-02','YYYY-MM-DD');TO_TIMESTAMP('2013-10-08 02:34:31','YYYY-MM-DD HH24:MI:SS');TO_DATE('2013-10-18','YYYY-MM-DD');NULL;NULL;'Si';'No';
9769021;57;15;7;0;'rofi34@gmail.com';TO_DATE('2013-05-08','YYYY-MM-DD');TO_TIMESTAMP('2013-05-08 21:27:38','YYYY-MM-DD HH24:MI:SS');TO_DATE('2013-05-17','YYYY-MM-DD');NULL;NULL;'Si';'No';
219222;70;8;18;35;'peqe75@gmail.com';TO_DATE('2013-04-28','YYYY-MM-DD');TO_TIMESTAMP('2013-04-28 15:43:45','YYYY-MM-DD HH24:MI:SS');TO_DATE('2013-05-09','YYYY-MM-DD');TO_DATE('2013-05-11','YYYY-MM-DD');3;'Si';'Si';
2330478;59;18;8;0;NULL;TO_DATE('2013-09-28','YYYY-MM-DD');TO_TIMESTAMP('2013-10-02 12:55:54','YYYY-MM-DD HH24:MI:SS');NULL;NULL;NULL;'No';'No';
4916445;61;23;10;0;NULL;TO_DATE('2013-04-23','YYYY-MM-DD');TO_TIMESTAMP('2013-04-23 22:28:22','YYYY-MM-DD HH24:MI:SS');NULL;NULL;NULL;'No';'No';
4138931;60;15;1;0;'li12@yahoo.com';TO_DATE('2013-07-07','YYYY-MM-DD');TO_TIMESTAMP('2013-07-09 20:49:31','YYYY-MM-DD HH24:MI:SS');TO_DATE('2013-07-19','YYYY-MM-DD');NULL;NULL;'Si';'No';
5098054;52;21;14;14;'seqo49@uniandes.edu.co';TO_DATE('2013-05-07','YYYY-MM-DD');TO_TIMESTAMP('2013-05-11 21:57:14','YYYY-MM-DD HH24:MI:SS');TO_DATE('2013-05-21','YYYY-MM-DD');TO_DATE('2013-05-17','YYYY-MM-DD');5;'Si';'Si';
553691;71;6;2;0;NULL;TO_DATE('2013-10-23','YYYY-MM-DD');TO_TIMESTAMP('2013-10-29 14:03:34','YYYY-MM-DD HH24:MI:SS');NULL;NULL;NULL;'No';'No';
221359;71;7;9;0;'weqo42@gmail.com';TO_DATE('2014-01-06','YYYY-MM-DD');TO_TIMESTAMP('2014-01-09 01:28:27','YYYY-MM-DD HH24:MI:SS');TO_DATE('2014-01-19','YYYY-MM-DD');NULL;NULL;'Si';'No';
9239980;67;5;18;0;NULL;TO_DATE('2013-12-10','YYYY-MM-DD');TO_TIMESTAMP('2013-12-14 17:37:56','YYYY-MM-DD HH24:MI:SS');NULL;NULL;NULL;'No';'No';
1388962;50;30;4;4;'du32@hotmail.com';TO_DATE('2013-12-16','YYYY-MM-DD');TO_TIMESTAMP('2013-12-27 10:21:12','YYYY-MM-DD HH24:MI:SS');TO_DATE('2014-01-10','YYYY-MM-DD');TO_DATE('2014-01-15','YYYY-MM-DD');0;'Si';'Si';
9902518;28;30;16;0;NULL;TO_DATE('2013-08-24','YYYY-MM-DD');TO_TIMESTAMP('2013-08-28 20:47:41','YYYY-MM-DD HH24:MI:SS');NULL;NULL;NULL;'No';'No';
5160056;15;13;16;0;'xiju86@hotmail.com';TO_DATE('2013-12-24','YYYY-MM-DD');TO_TIMESTAMP('2013-12-25 09:05:37','YYYY-MM-DD HH24:MI:SS');TO_DATE('2014-01-08','YYYY-MM-DD');NULL;NULL;'Si';'No';
7298189;12;21;6;0;'lu70@gmail.com';TO_DATE('2013-09-28','YYYY-MM-DD');TO_TIMESTAMP('2013-10-01 01:12:18','YYYY-MM-DD HH24:MI:SS');TO_DATE('2013-10-08','YYYY-MM-DD');NULL;NULL;'Si';'No';
6621025;19;26;15;15;'du32@hotmail.com';TO_DATE('2013-08-07','YYYY-MM-DD');TO_TIMESTAMP('2013-08-12 15:33:50','YYYY-MM-DD HH24:MI:SS');TO_DATE('2013-08-26','YYYY-MM-DD');TO_DATE('2013-08-31','YYYY-MM-DD');0;'Si';'Si';
7994256;40;12;17;0;NULL;TO_DATE('2014-01-02','YYYY-MM-DD');TO_TIMESTAMP('2014-01-03 00:11:46','YYYY-MM-DD HH24:MI:SS');NULL;NULL;NULL;'No';'No';
9451812;36;20;2;2;'rola90@uniandes.edu.co';TO_DATE('2013-11-08','YYYY-MM-DD');TO_TIMESTAMP('2013-11-14 02:07:27','YYYY-MM-DD HH24:MI:SS');TO_DATE('2013-11-29','YYYY-MM-DD');TO_DATE('2013-12-04','YYYY-MM-DD');0;'Si';'Si';
2009297;70;7;5;5;'bu86@yahoo.com';TO_DATE('2013-04-28','YYYY-MM-DD');TO_TIMESTAMP('2013-05-09 09:43:50','YYYY-MM-DD HH24:MI:SS');TO_DATE('2013-05-23','YYYY-MM-DD');TO_DATE('2013-05-26','YYYY-MM-DD');2;'Si';'Si';
7736482;71;10;10;0;NULL;TO_DATE('2014-01-18','YYYY-MM-DD');TO_TIMESTAMP('2014-01-24 05:18:07','YYYY-MM-DD HH24:MI:SS');NULL;NULL;NULL;'No';'No';
5374773;72;7;2;0;'vi15@gmail.com';TO_DATE('2013-12-29','YYYY-MM-DD');TO_TIMESTAMP('2014-01-07 03:01:14','YYYY-MM-DD HH24:MI:SS');TO_DATE('2014-01-18','YYYY-MM-DD');NULL;NULL;'Si';'No';
765035;49;20;15;0;'jaqe80@uniandes.edu.co';TO_DATE('2013-11-23','YYYY-MM-DD');TO_TIMESTAMP('2013-11-27 02:35:18','YYYY-MM-DD HH24:MI:SS');TO_DATE('2013-12-07','YYYY-MM-DD');NULL;NULL;'Si';'No';
6024853;21;11;13;16;'joca23@hotmail.com';TO_DATE('2013-08-12','YYYY-MM-DD');TO_TIMESTAMP('2013-08-15 13:33:11','YYYY-MM-DD HH24:MI:SS');TO_DATE('2013-08-28','YYYY-MM-DD');TO_DATE('2013-09-02','YYYY-MM-DD');0;'Si';'Si';
2426416;60;30;10;10;'leju18@hotmail.com';TO_DATE('2013-05-07','YYYY-MM-DD');TO_TIMESTAMP('2013-05-09 07:04:08','YYYY-MM-DD HH24:MI:SS');TO_DATE('2013-05-23','YYYY-MM-DD');TO_DATE('2013-05-18','YYYY-MM-DD');5;'Si';'Si';
4367578;62;30;18;0;NULL;TO_DATE('2014-04-13','YYYY-MM-DD');TO_TIMESTAMP('2014-04-13 22:35:52','YYYY-MM-DD HH24:MI:SS');NULL;NULL;NULL;'No';'No';
2690855;24;11;17;0;'ru61@uniandes.edu.co';TO_DATE('2013-05-06','YYYY-MM-DD');TO_TIMESTAMP('2013-05-14 20:25:58','YYYY-MM-DD HH24:MI:SS');TO_DATE('2013-05-25','YYYY-MM-DD');NULL;NULL;'Si';'No';
2869196;59;29;4;0;NULL;TO_DATE('2013-09-21','YYYY-MM-DD');TO_TIMESTAMP('2013-10-01 21:45:34','YYYY-MM-DD HH24:MI:SS');NULL;NULL;NULL;'No';'No';
5552593;29;23;10;0;'fo67@yahoo.com';TO_DATE('2013-11-30','YYYY-MM-DD');TO_TIMESTAMP('2013-12-06 05:02:18','YYYY-MM-DD HH24:MI:SS');TO_DATE('2013-12-16','YYYY-MM-DD');NULL;NULL;'Si';'No';
1862415;13;17;5;0;NULL;TO_DATE('2013-05-24','YYYY-MM-DD');TO_TIMESTAMP('2013-06-03 15:22:53','YYYY-MM-DD HH24:MI:SS');NULL;NULL;NULL;'No';'No';
9560801;30;11;4;4;'fo67@yahoo.com';TO_DATE('2013-12-07','YYYY-MM-DD');TO_TIMESTAMP('2013-12-12 00:34:57','YYYY-MM-DD HH24:MI:SS');TO_DATE('2013-12-19','YYYY-MM-DD');TO_DATE('2013-12-17','YYYY-MM-DD');5;'Si';'Si';
8797457;71;6;20;0;NULL;TO_DATE('2013-07-27','YYYY-MM-DD');TO_TIMESTAMP('2013-07-27 14:47:06','YYYY-MM-DD HH24:MI:SS');NULL;NULL;NULL;'No';'No';
7276950;11;13;14;0;NULL;TO_DATE('2013-06-17','YYYY-MM-DD');TO_TIMESTAMP('2013-06-24 03:35:29','YYYY-MM-DD HH24:MI:SS');NULL;NULL;NULL;'No';'No';
3731324;50;19;18;0;'joca23@hotmail.com';TO_DATE('2014-03-05','YYYY-MM-DD');TO_TIMESTAMP('2014-03-14 04:14:30','YYYY-MM-DD HH24:MI:SS');TO_DATE('2014-03-24','YYYY-MM-DD');NULL;NULL;'Si';'No';
3666853;13;23;3;0;NULL;TO_DATE('2013-07-10','YYYY-MM-DD');TO_TIMESTAMP('2013-07-16 09:14:53','YYYY-MM-DD HH24:MI:SS');NULL;NULL;NULL;'No';'No';
3824594;32;18;19;0;NULL;TO_DATE('2013-06-12','YYYY-MM-DD');TO_TIMESTAMP('2013-06-22 07:03:04','YYYY-MM-DD HH24:MI:SS');NULL;NULL;NULL;'No';'No';
3649471;56;23;15;0;NULL;TO_DATE('2013-04-26','YYYY-MM-DD');TO_TIMESTAMP('2013-04-26 13:52:44','YYYY-MM-DD HH24:MI:SS');NULL;NULL;NULL;'No';'No';
9935887;71;9;2;0;NULL;TO_DATE('2013-05-07','YYYY-MM-DD');TO_TIMESTAMP('2013-05-16 02:32:22','YYYY-MM-DD HH24:MI:SS');NULL;NULL;NULL;'No';'No';
929003;62;15;18;25;'qe95@uniandes.edu.co';TO_DATE('2014-02-20','YYYY-MM-DD');TO_TIMESTAMP('2014-03-01 16:29:57','YYYY-MM-DD HH24:MI:SS');TO_DATE('2014-03-11','YYYY-MM-DD');TO_DATE('2014-03-15','YYYY-MM-DD');1;'Si';'Si';
1234327;67;6;5;5;'vi15@gmail.com';TO_DATE('2013-05-17','YYYY-MM-DD');TO_TIMESTAMP('2013-05-28 01:24:12','YYYY-MM-DD HH24:MI:SS');TO_DATE('2013-06-09','YYYY-MM-DD');TO_DATE('2013-06-05','YYYY-MM-DD');5;'Si';'Si';
2218282;16;13;17;0;'sopu71@gmail.com';TO_DATE('2013-11-24','YYYY-MM-DD');TO_TIMESTAMP('2013-11-25 23:36:44','YYYY-MM-DD HH24:MI:SS');TO_DATE('2013-12-07','YYYY-MM-DD');NULL;NULL;'Si';'No';
8279613;16;16;18;33;'vomu47@yahoo.com';TO_DATE('2014-01-10','YYYY-MM-DD');TO_TIMESTAMP('2014-01-20 03:42:25','YYYY-MM-DD HH24:MI:SS');TO_DATE('2014-02-02','YYYY-MM-DD');TO_DATE('2014-02-06','YYYY-MM-DD');1;'Si';'Si';
3555781;57;11;14;14;'seqo49@uniandes.edu.co';TO_DATE('2013-05-13','YYYY-MM-DD');TO_TIMESTAMP('2013-05-21 12:50:01','YYYY-MM-DD HH24:MI:SS');TO_DATE('2013-06-02','YYYY-MM-DD');TO_DATE('2013-06-06','YYYY-MM-DD');1;'Si';'Si';
4150971;23;29;6;0;NULL;TO_DATE('2013-05-09','YYYY-MM-DD');TO_TIMESTAMP('2013-05-10 22:58:43','YYYY-MM-DD HH24:MI:SS');NULL;NULL;NULL;'No';'No';
5858792;54;18;11;0;NULL;TO_DATE('2013-12-21','YYYY-MM-DD');TO_TIMESTAMP('2013-12-31 11:15:48','YYYY-MM-DD HH24:MI:SS');NULL;NULL;NULL;'No';'No';
7914664;68;10;5;0;NULL;TO_DATE('2013-12-24','YYYY-MM-DD');TO_TIMESTAMP('2013-12-31 03:25:20','YYYY-MM-DD HH24:MI:SS');NULL;NULL;NULL;'No';'No';
7771840;70;9;4;0;NULL;TO_DATE('2013-12-15','YYYY-MM-DD');TO_TIMESTAMP('2013-12-24 11:47:21','YYYY-MM-DD HH24:MI:SS');NULL;NULL;NULL;'No';'No';
690942;49;29;15;0;NULL;TO_DATE('2014-02-12','YYYY-MM-DD');TO_TIMESTAMP('2014-02-16 01:14:29','YYYY-MM-DD HH24:MI:SS');NULL;NULL;NULL;'No';'No';
1738000;69;2;5;0;NULL;TO_DATE('2013-11-16','YYYY-MM-DD');TO_TIMESTAMP('2013-11-26 21:52:13','YYYY-MM-DD HH24:MI:SS');NULL;NULL;NULL;'No';'No';
4054458;58;11;13;0;'lu59@uniandes.edu.co';TO_DATE('2014-02-07','YYYY-MM-DD');TO_TIMESTAMP('2014-02-09 13:12:10','YYYY-MM-DD HH24:MI:SS');TO_DATE('2014-02-22','YYYY-MM-DD');NULL;NULL;'Si';'No';
5016187;67;9;1;0;NULL;TO_DATE('2013-08-05','YYYY-MM-DD');TO_TIMESTAMP('2013-08-06 08:27:03','YYYY-MM-DD HH24:MI:SS');NULL;NULL;NULL;'No';'No';
8832472;71;3;18;0;'pixu63@uniandes.edu.co';TO_DATE('2013-07-31','YYYY-MM-DD');TO_TIMESTAMP('2013-08-03 11:01:19','YYYY-MM-DD HH24:MI:SS');TO_DATE('2013-08-10','YYYY-MM-DD');NULL;NULL;'Si';'No';
5015344;18;14;13;0;'pa82@uniandes.edu.co';TO_DATE('2014-03-04','YYYY-MM-DD');TO_TIMESTAMP('2014-03-13 05:33:33','YYYY-MM-DD HH24:MI:SS');TO_DATE('2014-03-25','YYYY-MM-DD');NULL;NULL;'Si';'No';
2825800;59;20;18;0;NULL;TO_DATE('2014-02-07','YYYY-MM-DD');TO_TIMESTAMP('2014-02-12 07:54:09','YYYY-MM-DD HH24:MI:SS');NULL;NULL;NULL;'No';'No';
335484;69;2;13;0;'to91@gmail.com';TO_DATE('2014-01-14','YYYY-MM-DD');TO_TIMESTAMP('2014-01-18 22:22:31','YYYY-MM-DD HH24:MI:SS');TO_DATE('2014-01-26','YYYY-MM-DD');NULL;NULL;'Si';'No';
3474917;44;20;1;1;'soxo3@gmail.com';TO_DATE('2014-03-06','YYYY-MM-DD');TO_TIMESTAMP('2014-03-16 17:50:55','YYYY-MM-DD HH24:MI:SS');TO_DATE('2014-03-25','YYYY-MM-DD');TO_DATE('2014-03-22','YYYY-MM-DD');5;'Si';'Si';
3711694;67;9;10;0;NULL;TO_DATE('2013-10-12','YYYY-MM-DD');TO_TIMESTAMP('2013-10-16 17:07:43','YYYY-MM-DD HH24:MI:SS');NULL;NULL;NULL;'No';'No';
4553309;62;16;7;0;'ya84@uniandes.edu.co';TO_DATE('2013-08-24','YYYY-MM-DD');TO_TIMESTAMP('2013-08-29 05:04:21','YYYY-MM-DD HH24:MI:SS');TO_DATE('2013-09-09','YYYY-MM-DD');NULL;NULL;'Si';'No';
1275655;23;20;6;6;'rola90@uniandes.edu.co';TO_DATE('2014-01-28','YYYY-MM-DD');TO_TIMESTAMP('2014-02-07 21:38:43','YYYY-MM-DD HH24:MI:SS');TO_DATE('2014-02-16','YYYY-MM-DD');TO_DATE('2014-02-21','YYYY-MM-DD');0;'Si';'Si';
4962683;71;3;11;0;NULL;TO_DATE('2013-06-17','YYYY-MM-DD');TO_TIMESTAMP('2013-06-20 11:42:14','YYYY-MM-DD HH24:MI:SS');NULL;NULL;NULL;'No';'No';
8772717;14;16;15;28;'ce47@uniandes.edu.co';TO_DATE('2013-11-15','YYYY-MM-DD');TO_TIMESTAMP('2013-11-24 16:41:44','YYYY-MM-DD HH24:MI:SS');TO_DATE('2013-12-01','YYYY-MM-DD');TO_DATE('2013-12-02','YYYY-MM-DD');4;'Si';'Si';
2433924;54;16;15;0;'ne45@yahoo.com';TO_DATE('2014-01-10','YYYY-MM-DD');TO_TIMESTAMP('2014-01-18 07:56:46','YYYY-MM-DD HH24:MI:SS');TO_DATE('2014-02-02','YYYY-MM-DD');NULL;NULL;'Si';'No';
3541453;51;12;16;0;'xe60@hotmail.com';TO_DATE('2013-08-13','YYYY-MM-DD');TO_TIMESTAMP('2013-08-17 12:02:57','YYYY-MM-DD HH24:MI:SS');TO_DATE('2013-08-29','YYYY-MM-DD');NULL;NULL;'Si';'No';
2921020;63;20;20;0;NULL;TO_DATE('2013-08-04','YYYY-MM-DD');TO_TIMESTAMP('2013-08-06 15:37:31','YYYY-MM-DD HH24:MI:SS');NULL;NULL;NULL;'No';'No';
8233111;72;4;15;0;'peqe75@gmail.com';TO_DATE('2013-08-09','YYYY-MM-DD');TO_TIMESTAMP('2013-08-12 15:31:16','YYYY-MM-DD HH24:MI:SS');TO_DATE('2013-08-25','YYYY-MM-DD');NULL;NULL;'Si';'No';
4946593;29;11;16;0;NULL;TO_DATE('2013-05-07','YYYY-MM-DD');TO_TIMESTAMP('2013-05-08 22:55:38','YYYY-MM-DD HH24:MI:SS');NULL;NULL;NULL;'No';'No';
1700800;67;1;15;0;'to91@gmail.com';TO_DATE('2013-12-16','YYYY-MM-DD');TO_TIMESTAMP('2013-12-24 02:02:22','YYYY-MM-DD HH24:MI:SS');TO_DATE('2014-01-03','YYYY-MM-DD');NULL;NULL;'Si';'No';
9294726;62;26;19;0;NULL;TO_DATE('2013-06-16','YYYY-MM-DD');TO_TIMESTAMP('2013-06-24 14:35:07','YYYY-MM-DD HH24:MI:SS');NULL;NULL;NULL;'No';'No';
600181;2;30;1;0;NULL;TO_DATE('2013-06-03','YYYY-MM-DD');TO_TIMESTAMP('2013-06-04 07:07:32','YYYY-MM-DD HH24:MI:SS');NULL;NULL;NULL;'No';'No';
8088031;72;10;5;0;NULL;TO_DATE('2014-03-16','YYYY-MM-DD');TO_TIMESTAMP('2014-03-21 00:17:23','YYYY-MM-DD HH24:MI:SS');NULL;NULL;NULL;'No';'No';
6839651;67;2;1;0;NULL;TO_DATE('2013-08-30','YYYY-MM-DD');TO_TIMESTAMP('2013-09-02 14:50:12','YYYY-MM-DD HH24:MI:SS');NULL;NULL;NULL;'No';'No';
6035723;60;27;1;0;'mo36@gmail.com';TO_DATE('2013-08-28','YYYY-MM-DD');TO_TIMESTAMP('2013-08-30 01:28:57','YYYY-MM-DD HH24:MI:SS');TO_DATE('2013-09-08','YYYY-MM-DD');NULL;NULL;'Si';'No';
2970717;16;24;4;4;'rola90@uniandes.edu.co';TO_DATE('2013-12-27','YYYY-MM-DD');TO_TIMESTAMP('2013-12-28 13:58:54','YYYY-MM-DD HH24:MI:SS');TO_DATE('2014-01-04','YYYY-MM-DD');TO_DATE('2014-01-03','YYYY-MM-DD');5;'Si';'Si';
8751390;1;15;18;18;'ce47@uniandes.edu.co';TO_DATE('2013-07-19','YYYY-MM-DD');TO_TIMESTAMP('2013-07-26 09:45:36','YYYY-MM-DD HH24:MI:SS');TO_DATE('2013-08-02','YYYY-MM-DD');TO_DATE('2013-07-30','YYYY-MM-DD');5;'Si';'Si';
2191599;54;29;19;33;'nese28@uniandes.edu.co';TO_DATE('2013-10-26','YYYY-MM-DD');TO_TIMESTAMP('2013-10-31 19:10:20','YYYY-MM-DD HH24:MI:SS');TO_DATE('2013-11-11','YYYY-MM-DD');TO_DATE('2013-11-14','YYYY-MM-DD');2;'Si';'Si';
6618736;69;10;5;0;NULL;TO_DATE('2013-10-25','YYYY-MM-DD');TO_TIMESTAMP('2013-10-29 20:07:14','YYYY-MM-DD HH24:MI:SS');NULL;NULL;NULL;'No';'No';
8471059;71;7;19;0;'qaco88@gmail.com';TO_DATE('2014-03-23','YYYY-MM-DD');TO_TIMESTAMP('2014-04-01 11:38:45','YYYY-MM-DD HH24:MI:SS');TO_DATE('2014-04-10','YYYY-MM-DD');NULL;NULL;'Si';'No';
3424528;72;10;20;0;NULL;TO_DATE('2013-12-27','YYYY-MM-DD');TO_TIMESTAMP('2013-12-31 02:37:11','YYYY-MM-DD HH24:MI:SS');NULL;NULL;NULL;'No';'No';
1305147;70;7;6;0;NULL;TO_DATE('2014-01-18','YYYY-MM-DD');TO_TIMESTAMP('2014-01-20 20:33:35','YYYY-MM-DD HH24:MI:SS');NULL;NULL;NULL;'No';'No';
8140027;69;4;16;23;'peqe75@gmail.com';TO_DATE('2013-12-24','YYYY-MM-DD');TO_TIMESTAMP('2013-12-25 08:27:41','YYYY-MM-DD HH24:MI:SS');TO_DATE('2014-01-08','YYYY-MM-DD');TO_DATE('2014-01-11','YYYY-MM-DD');2;'Si';'Si';
3101701;61;26;16;16;'rofi34@gmail.com';TO_DATE('2013-05-07','YYYY-MM-DD');TO_TIMESTAMP('2013-05-15 14:32:53','YYYY-MM-DD HH24:MI:SS');TO_DATE('2013-05-22','YYYY-MM-DD');TO_DATE('2013-05-20','YYYY-MM-DD');5;'Si';'Si';
3908189;54;30;1;0;NULL;TO_DATE('2014-03-27','YYYY-MM-DD');TO_TIMESTAMP('2014-03-30 03:33:13','YYYY-MM-DD HH24:MI:SS');NULL;NULL;NULL;'No';'No';
8502928;3;30;17;0;'soxo3@gmail.com';TO_DATE('2014-04-13','YYYY-MM-DD');TO_TIMESTAMP('2014-04-21 19:39:49','YYYY-MM-DD HH24:MI:SS');TO_DATE('2014-05-02','YYYY-MM-DD');NULL;NULL;'Si';'No';
8002921;69;5;2;0;NULL;TO_DATE('2014-01-15','YYYY-MM-DD');TO_TIMESTAMP('2014-01-16 07:46:35','YYYY-MM-DD HH24:MI:SS');NULL;NULL;NULL;'No';'No';
5662457;36;13;7;0;'joca23@hotmail.com';TO_DATE('2013-07-22','YYYY-MM-DD');TO_TIMESTAMP('2013-07-23 10:06:18','YYYY-MM-DD HH24:MI:SS');TO_DATE('2013-08-06','YYYY-MM-DD');NULL;NULL;'Si';'No';
9105410;69;3;16;22;'to91@gmail.com';TO_DATE('2013-08-16','YYYY-MM-DD');TO_TIMESTAMP('2013-08-19 20:15:57','YYYY-MM-DD HH24:MI:SS');TO_DATE('2013-08-28','YYYY-MM-DD');TO_DATE('2013-09-01','YYYY-MM-DD');1;'Si';'Si';
3272617;72;10;18;0;'vi15@gmail.com';TO_DATE('2014-04-09','YYYY-MM-DD');TO_TIMESTAMP('2014-04-14 17:34:17','YYYY-MM-DD HH24:MI:SS');TO_DATE('2014-04-26','YYYY-MM-DD');NULL;NULL;'Si';'No';
3420636;72;7;16;0;NULL;TO_DATE('2014-02-28','YYYY-MM-DD');TO_TIMESTAMP('2014-03-02 07:22:16','YYYY-MM-DD HH24:MI:SS');NULL;NULL;NULL;'No';'No';
9243881;39;29;18;0;NULL;TO_DATE('2013-11-16','YYYY-MM-DD');TO_TIMESTAMP('2013-11-21 11:57:41','YYYY-MM-DD HH24:MI:SS');NULL;NULL;NULL;'No';'No';
1845535;15;22;13;0;'vomu47@yahoo.com';TO_DATE('2013-09-05','YYYY-MM-DD');TO_TIMESTAMP('2013-09-11 13:43:24','YYYY-MM-DD HH24:MI:SS');TO_DATE('2013-09-25','YYYY-MM-DD');NULL;NULL;'Si';'No';
3005048;69;8;3;6;'weqo42@gmail.com';TO_DATE('2014-03-18','YYYY-MM-DD');TO_TIMESTAMP('2014-03-18 22:38:26','YYYY-MM-DD HH24:MI:SS');TO_DATE('2014-04-02','YYYY-MM-DD');TO_DATE('2014-04-07','YYYY-MM-DD');0;'Si';'Si';
8261835;4;29;15;0;NULL;TO_DATE('2013-12-15','YYYY-MM-DD');TO_TIMESTAMP('2013-12-17 09:47:58','YYYY-MM-DD HH24:MI:SS');NULL;NULL;NULL;'No';'No';
3327143;59;18;10;0;NULL;TO_DATE('2014-02-04','YYYY-MM-DD');TO_TIMESTAMP('2014-02-11 06:44:12','YYYY-MM-DD HH24:MI:SS');NULL;NULL;NULL;'No';'No';
6667322;68;8;20;20;'qaco88@gmail.com';TO_DATE('2013-11-29','YYYY-MM-DD');TO_TIMESTAMP('2013-12-08 17:13:08','YYYY-MM-DD HH24:MI:SS');TO_DATE('2013-12-16','YYYY-MM-DD');TO_DATE('2013-12-18','YYYY-MM-DD');3;'Si';'Si';
2758186;2;26;18;18;'fo67@yahoo.com';TO_DATE('2013-07-30','YYYY-MM-DD');TO_TIMESTAMP('2013-08-07 05:57:06','YYYY-MM-DD HH24:MI:SS');TO_DATE('2013-08-19','YYYY-MM-DD');TO_DATE('2013-08-20','YYYY-MM-DD');4;'Si';'Si';
9125356;67;4;18;0;'xuze3@yahoo.com';TO_DATE('2013-07-06','YYYY-MM-DD');TO_TIMESTAMP('2013-07-12 01:58:42','YYYY-MM-DD HH24:MI:SS');TO_DATE('2013-07-27','YYYY-MM-DD');NULL;NULL;'Si';'No';
8512585;46;14;11;0;NULL;TO_DATE('2013-08-05','YYYY-MM-DD');TO_TIMESTAMP('2013-08-15 02:17:39','YYYY-MM-DD HH24:MI:SS');NULL;NULL;NULL;'No';'No';
461773;19;15;19;31;'ti55@uniandes.edu.co';TO_DATE('2013-11-17','YYYY-MM-DD');TO_TIMESTAMP('2013-11-25 20:32:46','YYYY-MM-DD HH24:MI:SS');TO_DATE('2013-12-08','YYYY-MM-DD');TO_DATE('2013-12-12','YYYY-MM-DD');1;'Si';'Si';
7608791;38;22;10;0;'du32@hotmail.com';TO_DATE('2014-02-23','YYYY-MM-DD');TO_TIMESTAMP('2014-03-04 23:58:36','YYYY-MM-DD HH24:MI:SS');TO_DATE('2014-03-17','YYYY-MM-DD');NULL;NULL;'Si';'No';
3163976;6;25;20;0;'juzo69@yahoo.com';TO_DATE('2013-05-19','YYYY-MM-DD');TO_TIMESTAMP('2013-05-20 04:25:53','YYYY-MM-DD HH24:MI:SS');TO_DATE('2013-06-04','YYYY-MM-DD');NULL;NULL;'Si';'No';
9993280;53;21;15;0;NULL;TO_DATE('2013-08-03','YYYY-MM-DD');TO_TIMESTAMP('2013-08-09 12:46:05','YYYY-MM-DD HH24:MI:SS');NULL;NULL;NULL;'No';'No';
1719638;51;23;10;0;'li12@yahoo.com';TO_DATE('2013-07-23','YYYY-MM-DD');TO_TIMESTAMP('2013-07-30 20:51:11','YYYY-MM-DD HH24:MI:SS');TO_DATE('2013-08-07','YYYY-MM-DD');NULL;NULL;'Si';'No';
662776;27;26;14;0;NULL;TO_DATE('2013-08-24','YYYY-MM-DD');TO_TIMESTAMP('2013-09-02 08:36:14','YYYY-MM-DD HH24:MI:SS');NULL;NULL;NULL;'No';'No';
6844132;9;23;7;0;NULL;TO_DATE('2013-10-07','YYYY-MM-DD');TO_TIMESTAMP('2013-10-15 02:04:31','YYYY-MM-DD HH24:MI:SS');NULL;NULL;NULL;'No';'No';
2688384;54;16;9;0;NULL;TO_DATE('2013-10-11','YYYY-MM-DD');TO_TIMESTAMP('2013-10-15 10:13:08','YYYY-MM-DD HH24:MI:SS');NULL;NULL;NULL;'No';'No';
5620980;58;25;5;0;'leju18@hotmail.com';TO_DATE('2013-09-24','YYYY-MM-DD');TO_TIMESTAMP('2013-10-03 07:01:15','YYYY-MM-DD HH24:MI:SS');TO_DATE('2013-10-11','YYYY-MM-DD');NULL;NULL;'Si';'No';
8060898;62;12;4;0;NULL;TO_DATE('2013-08-23','YYYY-MM-DD');TO_TIMESTAMP('2013-08-30 11:39:58','YYYY-MM-DD HH24:MI:SS');NULL;NULL;NULL;'No';'No';
418896;66;20;1;1;'to8@yahoo.com';TO_DATE('2013-04-29','YYYY-MM-DD');TO_TIMESTAMP('2013-05-09 09:42:47','YYYY-MM-DD HH24:MI:SS');TO_DATE('2013-05-22','YYYY-MM-DD');TO_DATE('2013-05-25','YYYY-MM-DD');2;'Si';'Si';
9709986;36;16;7;0;'fo67@yahoo.com';TO_DATE('2013-04-23','YYYY-MM-DD');TO_TIMESTAMP('2013-05-02 14:37:29','YYYY-MM-DD HH24:MI:SS');TO_DATE('2013-05-10','YYYY-MM-DD');NULL;NULL;'Si';'No';
4235815;68;8;16;30;'peqe75@gmail.com';TO_DATE('2013-12-04','YYYY-MM-DD');TO_TIMESTAMP('2013-12-07 00:36:49','YYYY-MM-DD HH24:MI:SS');TO_DATE('2013-12-21','YYYY-MM-DD');TO_DATE('2013-12-23','YYYY-MM-DD');3;'Si';'Si';
6671531;64;12;3;0;NULL;TO_DATE('2013-04-20','YYYY-MM-DD');TO_TIMESTAMP('2013-04-21 22:16:17','YYYY-MM-DD HH24:MI:SS');NULL;NULL;NULL;'No';'No';
2294736;71;2;8;8;'lo35@uniandes.edu.co';TO_DATE('2013-11-17','YYYY-MM-DD');TO_TIMESTAMP('2013-11-18 07:37:13','YYYY-MM-DD HH24:MI:SS');TO_DATE('2013-12-02','YYYY-MM-DD');TO_DATE('2013-11-29','YYYY-MM-DD');5;'Si';'Si';
6802983;52;13;9;9;'ya84@uniandes.edu.co';TO_DATE('2013-10-14','YYYY-MM-DD');TO_TIMESTAMP('2013-10-14 21:46:20','YYYY-MM-DD HH24:MI:SS');TO_DATE('2013-10-26','YYYY-MM-DD');TO_DATE('2013-10-26','YYYY-MM-DD');5;'Si';'Si';
6740296;67;9;4;0;NULL;TO_DATE('2013-09-17','YYYY-MM-DD');TO_TIMESTAMP('2013-09-23 22:53:19','YYYY-MM-DD HH24:MI:SS');NULL;NULL;NULL;'No';'No';
5957391;60;18;10;13;'qe95@uniandes.edu.co';TO_DATE('2013-06-14','YYYY-MM-DD');TO_TIMESTAMP('2013-06-17 06:04:30','YYYY-MM-DD HH24:MI:SS');TO_DATE('2013-06-30','YYYY-MM-DD');TO_DATE('2013-07-05','YYYY-MM-DD');0;'Si';'Si';
7362587;60;23;2;2;'bi18@yahoo.com';TO_DATE('2014-03-21','YYYY-MM-DD');TO_TIMESTAMP('2014-03-24 01:05:27','YYYY-MM-DD HH24:MI:SS');TO_DATE('2014-04-06','YYYY-MM-DD');TO_DATE('2014-04-01','YYYY-MM-DD');5;'Si';'Si';
3552176;56;15;18;0;'leju18@hotmail.com';TO_DATE('2013-09-06','YYYY-MM-DD');TO_TIMESTAMP('2013-09-11 03:08:09','YYYY-MM-DD HH24:MI:SS');TO_DATE('2013-09-26','YYYY-MM-DD');NULL;NULL;'Si';'No';
1927216;18;25;10;0;NULL;TO_DATE('2013-08-27','YYYY-MM-DD');TO_TIMESTAMP('2013-09-01 22:19:18','YYYY-MM-DD HH24:MI:SS');NULL;NULL;NULL;'No';'No';
9623242;52;30;17;17;'re16@uniandes.edu.co';TO_DATE('2013-08-27','YYYY-MM-DD');TO_TIMESTAMP('2013-09-07 13:21:01','YYYY-MM-DD HH24:MI:SS');TO_DATE('2013-09-18','YYYY-MM-DD');TO_DATE('2013-09-16','YYYY-MM-DD');5;'Si';'Si';
9909728;72;9;5;0;NULL;TO_DATE('2013-08-16','YYYY-MM-DD');TO_TIMESTAMP('2013-08-23 07:44:51','YYYY-MM-DD HH24:MI:SS');NULL;NULL;NULL;'No';'No';
4175882;10;16;12;0;NULL;TO_DATE('2013-11-11','YYYY-MM-DD');TO_TIMESTAMP('2013-11-14 06:30:05','YYYY-MM-DD HH24:MI:SS');NULL;NULL;NULL;'No';'No';
8596573;49;24;18;0;'vomu47@yahoo.com';TO_DATE('2014-01-06','YYYY-MM-DD');TO_TIMESTAMP('2014-01-10 13:31:56','YYYY-MM-DD HH24:MI:SS');TO_DATE('2014-01-24','YYYY-MM-DD');NULL;NULL;'Si';'No';
5298639;27;19;11;0;NULL;TO_DATE('2013-08-05','YYYY-MM-DD');TO_TIMESTAMP('2013-08-07 02:49:54','YYYY-MM-DD HH24:MI:SS');NULL;NULL;NULL;'No';'No';
1769766;64;21;20;0;NULL;TO_DATE('2013-04-18','YYYY-MM-DD');TO_TIMESTAMP('2013-04-28 09:48:51','YYYY-MM-DD HH24:MI:SS');NULL;NULL;NULL;'No';'No';
3648065;3;17;20;0;'lu70@gmail.com';TO_DATE('2014-03-13','YYYY-MM-DD');TO_TIMESTAMP('2014-03-17 02:36:08','YYYY-MM-DD HH24:MI:SS');TO_DATE('2014-03-24','YYYY-MM-DD');NULL;NULL;'Si';'No';
961301;59;12;14;0;NULL;TO_DATE('2013-06-09','YYYY-MM-DD');TO_TIMESTAMP('2013-06-11 11:11:51','YYYY-MM-DD HH24:MI:SS');NULL;NULL;NULL;'No';'No';
4633511;21;24;17;17;'ru61@uniandes.edu.co';TO_DATE('2013-11-20','YYYY-MM-DD');TO_TIMESTAMP('2013-11-23 09:10:48','YYYY-MM-DD HH24:MI:SS');TO_DATE('2013-12-05','YYYY-MM-DD');TO_DATE('2013-12-03','YYYY-MM-DD');5;'Si';'Si';
6509498;56;19;5;0;NULL;TO_DATE('2014-03-05','YYYY-MM-DD');TO_TIMESTAMP('2014-03-06 10:34:28','YYYY-MM-DD HH24:MI:SS');NULL;NULL;NULL;'No';'No';
6402342;70;5;18;18;'kido42@uniandes.edu.co';TO_DATE('2013-06-16','YYYY-MM-DD');TO_TIMESTAMP('2013-06-16 20:09:51','YYYY-MM-DD HH24:MI:SS');TO_DATE('2013-06-26','YYYY-MM-DD');TO_DATE('2013-06-24','YYYY-MM-DD');5;'Si';'Si';
1055356;16;21;11;0;NULL;TO_DATE('2013-10-14','YYYY-MM-DD');TO_TIMESTAMP('2013-10-20 15:33:43','YYYY-MM-DD HH24:MI:SS');NULL;NULL;NULL;'No';'No';
7684563;28;30;2;0;'soxo3@gmail.com';TO_DATE('2014-03-03','YYYY-MM-DD');TO_TIMESTAMP('2014-03-10 05:01:02','YYYY-MM-DD HH24:MI:SS');TO_DATE('2014-03-19','YYYY-MM-DD');NULL;NULL;'Si';'No';
2628982;71;6;11;0;NULL;TO_DATE('2013-05-20','YYYY-MM-DD');TO_TIMESTAMP('2013-05-24 08:42:22','YYYY-MM-DD HH24:MI:SS');NULL;NULL;NULL;'No';'No';
9264000;37;29;12;0;NULL;TO_DATE('2014-01-02','YYYY-MM-DD');TO_TIMESTAMP('2014-01-05 08:48:46','YYYY-MM-DD HH24:MI:SS');NULL;NULL;NULL;'No';'No';
1150790;59;26;5;0;'rofi34@gmail.com';TO_DATE('2014-02-01','YYYY-MM-DD');TO_TIMESTAMP('2014-02-10 23:53:21','YYYY-MM-DD HH24:MI:SS');TO_DATE('2014-02-17','YYYY-MM-DD');NULL;NULL;'Si';'No';
8308633;70;7;18;0;NULL;TO_DATE('2013-10-25','YYYY-MM-DD');TO_TIMESTAMP('2013-10-26 14:41:38','YYYY-MM-DD HH24:MI:SS');NULL;NULL;NULL;'No';'No';
3453633;47;15;2;0;NULL;TO_DATE('2013-05-28','YYYY-MM-DD');TO_TIMESTAMP('2013-06-05 17:11:02','YYYY-MM-DD HH24:MI:SS');NULL;NULL;NULL;'No';'No';
386682;18;12;12;0;NULL;TO_DATE('2013-05-08','YYYY-MM-DD');TO_TIMESTAMP('2013-05-17 21:55:07','YYYY-MM-DD HH24:MI:SS');NULL;NULL;NULL;'No';'No';
2644943;25;22;16;0;NULL;TO_DATE('2014-03-23','YYYY-MM-DD');TO_TIMESTAMP('2014-03-30 11:01:02','YYYY-MM-DD HH24:MI:SS');NULL;NULL;NULL;'No';'No';
9769965;62;27;17;0;NULL;TO_DATE('2013-06-03','YYYY-MM-DD');TO_TIMESTAMP('2013-06-09 15:07:03','YYYY-MM-DD HH24:MI:SS');NULL;NULL;NULL;'No';'No';
44147;54;17;5;8;'lodi27@hotmail.com';TO_DATE('2013-09-02','YYYY-MM-DD');TO_TIMESTAMP('2013-09-12 04:17:21','YYYY-MM-DD HH24:MI:SS');TO_DATE('2013-09-27','YYYY-MM-DD');TO_DATE('2013-09-27','YYYY-MM-DD');5;'Si';'Si';
5203099;68;10;9;0;NULL;TO_DATE('2013-10-25','YYYY-MM-DD');TO_TIMESTAMP('2013-10-26 22:46:06','YYYY-MM-DD HH24:MI:SS');NULL;NULL;NULL;'No';'No';
5902169;68;3;7;0;'pixu63@uniandes.edu.co';TO_DATE('2013-05-16','YYYY-MM-DD');TO_TIMESTAMP('2013-05-20 23:17:14','YYYY-MM-DD HH24:MI:SS');TO_DATE('2013-06-02','YYYY-MM-DD');NULL;NULL;'Si';'No';
3291560;60;12;3;0;NULL;TO_DATE('2013-05-14','YYYY-MM-DD');TO_TIMESTAMP('2013-05-22 15:11:09','YYYY-MM-DD HH24:MI:SS');NULL;NULL;NULL;'No';'No';
3472696;6;29;15;0;'juzo69@yahoo.com';TO_DATE('2013-10-07','YYYY-MM-DD');TO_TIMESTAMP('2013-10-07 19:43:07','YYYY-MM-DD HH24:MI:SS');TO_DATE('2013-10-16','YYYY-MM-DD');NULL;NULL;'Si';'No';
4579595;8;25;3;0;NULL;TO_DATE('2014-04-14','YYYY-MM-DD');TO_TIMESTAMP('2014-04-18 05:34:06','YYYY-MM-DD HH24:MI:SS');NULL;NULL;NULL;'No';'No';
3584635;47;14;1;1;'ti55@uniandes.edu.co';TO_DATE('2013-11-11','YYYY-MM-DD');TO_TIMESTAMP('2013-11-14 06:48:13','YYYY-MM-DD HH24:MI:SS');TO_DATE('2013-11-26','YYYY-MM-DD');TO_DATE('2013-11-27','YYYY-MM-DD');4;'Si';'Si';
1918936;55;19;7;0;'ne45@yahoo.com';TO_DATE('2013-08-20','YYYY-MM-DD');TO_TIMESTAMP('2013-08-28 11:41:14','YYYY-MM-DD HH24:MI:SS');TO_DATE('2013-09-12','YYYY-MM-DD');NULL;NULL;'Si';'No';
5597783;15;19;1;0;NULL;TO_DATE('2013-08-23','YYYY-MM-DD');TO_TIMESTAMP('2013-08-31 21:44:19','YYYY-MM-DD HH24:MI:SS');NULL;NULL;NULL;'No';'No';
8388133;41;23;15;0;NULL;TO_DATE('2014-01-24','YYYY-MM-DD');TO_TIMESTAMP('2014-01-26 04:04:32','YYYY-MM-DD HH24:MI:SS');NULL;NULL;NULL;'No';'No';
7452559;71;8;2;2;'peqe75@gmail.com';TO_DATE('2013-12-29','YYYY-MM-DD');TO_TIMESTAMP('2014-01-06 04:17:39','YYYY-MM-DD HH24:MI:SS');TO_DATE('2014-01-21','YYYY-MM-DD');TO_DATE('2014-01-16','YYYY-MM-DD');5;'Si';'Si';
2299638;34;29;6;0;NULL;TO_DATE('2014-04-09','YYYY-MM-DD');TO_TIMESTAMP('2014-04-11 06:20:55','YYYY-MM-DD HH24:MI:SS');NULL;NULL;NULL;'No';'No';
7257802;62;20;1;0;'bi18@yahoo.com';TO_DATE('2014-02-05','YYYY-MM-DD');TO_TIMESTAMP('2014-02-14 18:13:25','YYYY-MM-DD HH24:MI:SS');TO_DATE('2014-02-21','YYYY-MM-DD');NULL;NULL;'Si';'No';
3632035;52;22;10;10;'nobe91@yahoo.com';TO_DATE('2013-06-07','YYYY-MM-DD');TO_TIMESTAMP('2013-06-10 22:34:28','YYYY-MM-DD HH24:MI:SS');TO_DATE('2013-06-17','YYYY-MM-DD');TO_DATE('2013-06-12','YYYY-MM-DD');5;'Si';'Si';
5035658;70;2;16;16;'bu86@yahoo.com';TO_DATE('2013-11-28','YYYY-MM-DD');TO_TIMESTAMP('2013-12-04 09:02:04','YYYY-MM-DD HH24:MI:SS');TO_DATE('2013-12-18','YYYY-MM-DD');TO_DATE('2013-12-23','YYYY-MM-DD');0;'Si';'Si';
906088;70;8;8;0;NULL;TO_DATE('2013-12-12','YYYY-MM-DD');TO_TIMESTAMP('2013-12-14 06:17:19','YYYY-MM-DD HH24:MI:SS');NULL;NULL;NULL;'No';'No';
2531228;47;20;5;0;NULL;TO_DATE('2014-02-19','YYYY-MM-DD');TO_TIMESTAMP('2014-02-28 04:25:52','YYYY-MM-DD HH24:MI:SS');NULL;NULL;NULL;'No';'No';
336242;4;20;20;0;NULL;TO_DATE('2013-07-27','YYYY-MM-DD');TO_TIMESTAMP('2013-07-29 02:06:56','YYYY-MM-DD HH24:MI:SS');NULL;NULL;NULL;'No';'No';
6352664;13;19;5;0;'yi85@uniandes.edu.co';TO_DATE('2013-11-12','YYYY-MM-DD');TO_TIMESTAMP('2013-11-22 23:42:01','YYYY-MM-DD HH24:MI:SS');TO_DATE('2013-11-30','YYYY-MM-DD');NULL;NULL;'Si';'No';
3942223;69;6;19;0;'lo35@uniandes.edu.co';TO_DATE('2013-09-08','YYYY-MM-DD');TO_TIMESTAMP('2013-09-10 03:13:04','YYYY-MM-DD HH24:MI:SS');TO_DATE('2013-09-22','YYYY-MM-DD');NULL;NULL;'Si';'No';
2594728;67;8;14;0;NULL;TO_DATE('2013-12-03','YYYY-MM-DD');TO_TIMESTAMP('2013-12-03 23:29:28','YYYY-MM-DD HH24:MI:SS');NULL;NULL;NULL;'No';'No';
6648479;51;17;18;0;NULL;TO_DATE('2013-05-21','YYYY-MM-DD');TO_TIMESTAMP('2013-05-26 07:47:05','YYYY-MM-DD HH24:MI:SS');NULL;NULL;NULL;'No';'No';
7927224;70;7;13;0;'peqe75@gmail.com';TO_DATE('2013-05-06','YYYY-MM-DD');TO_TIMESTAMP('2013-05-08 10:55:30','YYYY-MM-DD HH24:MI:SS');TO_DATE('2013-05-15','YYYY-MM-DD');NULL;NULL;'Si';'No';
9425002;61;12;9;0;NULL;TO_DATE('2014-04-11','YYYY-MM-DD');TO_TIMESTAMP('2014-04-22 07:55:31','YYYY-MM-DD HH24:MI:SS');NULL;NULL;NULL;'No';'No';
4314242;63;30;11;0;NULL;TO_DATE('2013-12-25','YYYY-MM-DD');TO_TIMESTAMP('2013-12-26 09:34:48','YYYY-MM-DD HH24:MI:SS');NULL;NULL;NULL;'No';'No';
4386839;54;11;16;0;NULL;TO_DATE('2013-12-17','YYYY-MM-DD');TO_TIMESTAMP('2013-12-28 11:58:16','YYYY-MM-DD HH24:MI:SS');NULL;NULL;NULL;'No';'No';
4367148;67;5;4;4;'bu86@yahoo.com';TO_DATE('2014-03-18','YYYY-MM-DD');TO_TIMESTAMP('2014-03-19 04:26:33','YYYY-MM-DD HH24:MI:SS');TO_DATE('2014-03-29','YYYY-MM-DD');TO_DATE('2014-03-24','YYYY-MM-DD');5;'Si';'Si';
405349;16;15;8;0;'le97@uniandes.edu.co';TO_DATE('2013-11-14','YYYY-MM-DD');TO_TIMESTAMP('2013-11-20 02:28:48','YYYY-MM-DD HH24:MI:SS');TO_DATE('2013-11-27','YYYY-MM-DD');NULL;NULL;'Si';'No';
8440521;58;19;10;0;'leju18@hotmail.com';TO_DATE('2013-09-13','YYYY-MM-DD');TO_TIMESTAMP('2013-09-16 20:39:30','YYYY-MM-DD HH24:MI:SS');TO_DATE('2013-09-23','YYYY-MM-DD');NULL;NULL;'Si';'No';
4305194;28;14;20;20;'le97@uniandes.edu.co';TO_DATE('2014-03-25','YYYY-MM-DD');TO_TIMESTAMP('2014-04-02 07:46:56','YYYY-MM-DD HH24:MI:SS');TO_DATE('2014-04-12','YYYY-MM-DD');TO_DATE('2014-04-13','YYYY-MM-DD');4;'Si';'Si';
909334;10;29;3;6;'xa62@uniandes.edu.co';TO_DATE('2013-07-30','YYYY-MM-DD');TO_TIMESTAMP('2013-08-05 08:47:28','YYYY-MM-DD HH24:MI:SS');TO_DATE('2013-08-12','YYYY-MM-DD');TO_DATE('2013-08-13','YYYY-MM-DD');4;'Si';'Si';
5323432;51;11;7;11;'nobe91@yahoo.com';TO_DATE('2014-01-03','YYYY-MM-DD');TO_TIMESTAMP('2014-01-11 10:12:11','YYYY-MM-DD HH24:MI:SS');TO_DATE('2014-01-26','YYYY-MM-DD');TO_DATE('2014-01-29','YYYY-MM-DD');2;'Si';'Si';
2006728;68;2;17;0;NULL;TO_DATE('2014-02-17','YYYY-MM-DD');TO_TIMESTAMP('2014-02-20 02:40:17','YYYY-MM-DD HH24:MI:SS');NULL;NULL;NULL;'No';'No';
4650211;4;24;5;0;'joca23@hotmail.com';TO_DATE('2013-11-21','YYYY-MM-DD');TO_TIMESTAMP('2013-11-30 01:10:56','YYYY-MM-DD HH24:MI:SS');TO_DATE('2013-12-14','YYYY-MM-DD');NULL;NULL;'Si';'No';
4753509;55;24;12;0;NULL;TO_DATE('2014-03-03','YYYY-MM-DD');TO_TIMESTAMP('2014-03-13 12:35:02','YYYY-MM-DD HH24:MI:SS');NULL;NULL;NULL;'No';'No';
9738523;52;11;19;19;'mo36@gmail.com';TO_DATE('2014-02-15','YYYY-MM-DD');TO_TIMESTAMP('2014-02-18 10:04:17','YYYY-MM-DD HH24:MI:SS');TO_DATE('2014-03-04','YYYY-MM-DD');TO_DATE('2014-02-27','YYYY-MM-DD');5;'Si';'Si';
6175740;71;8;4;0;'bu86@yahoo.com';TO_DATE('2013-10-31','YYYY-MM-DD');TO_TIMESTAMP('2013-11-01 09:43:00','YYYY-MM-DD HH24:MI:SS');TO_DATE('2013-11-09','YYYY-MM-DD');NULL;NULL;'Si';'No';
2535878;72;7;18;0;NULL;TO_DATE('2013-10-28','YYYY-MM-DD');TO_TIMESTAMP('2013-11-04 05:31:03','YYYY-MM-DD HH24:MI:SS');NULL;NULL;NULL;'No';'No';
102465;68;10;3;0;NULL;TO_DATE('2014-04-12','YYYY-MM-DD');TO_TIMESTAMP('2014-04-17 14:12:36','YYYY-MM-DD HH24:MI:SS');NULL;NULL;NULL;'No';'No';
3020331;71;6;19;0;NULL;TO_DATE('2013-07-16','YYYY-MM-DD');TO_TIMESTAMP('2013-07-18 20:37:15','YYYY-MM-DD HH24:MI:SS');NULL;NULL;NULL;'No';'No';
9548214;12;12;14;0;'ti55@uniandes.edu.co';TO_DATE('2013-09-24','YYYY-MM-DD');TO_TIMESTAMP('2013-09-29 06:57:19','YYYY-MM-DD HH24:MI:SS');TO_DATE('2013-10-08','YYYY-MM-DD');NULL;NULL;'Si';'No';
8243298;64;11;8;8;'to8@yahoo.com';TO_DATE('2013-05-17','YYYY-MM-DD');TO_TIMESTAMP('2013-05-23 17:38:02','YYYY-MM-DD HH24:MI:SS');TO_DATE('2013-06-02','YYYY-MM-DD');TO_DATE('2013-06-06','YYYY-MM-DD');1;'Si';'Si';
7433254;11;15;1;0;'lu70@gmail.com';TO_DATE('2013-11-09','YYYY-MM-DD');TO_TIMESTAMP('2013-11-11 01:31:30','YYYY-MM-DD HH24:MI:SS');TO_DATE('2013-11-19','YYYY-MM-DD');NULL;NULL;'Si';'No';
791391;27;19;10;10;'yi85@uniandes.edu.co';TO_DATE('2013-07-05','YYYY-MM-DD');TO_TIMESTAMP('2013-07-15 00:14:31','YYYY-MM-DD HH24:MI:SS');TO_DATE('2013-07-29','YYYY-MM-DD');TO_DATE('2013-08-02','YYYY-MM-DD');1;'Si';'Si';
6199300;65;19;15;0;'mo36@gmail.com';TO_DATE('2013-04-17','YYYY-MM-DD');TO_TIMESTAMP('2013-04-26 05:48:22','YYYY-MM-DD HH24:MI:SS');TO_DATE('2013-05-04','YYYY-MM-DD');NULL;NULL;'Si';'No';
2257316;69;2;10;0;'peqe75@gmail.com';TO_DATE('2013-11-21','YYYY-MM-DD');TO_TIMESTAMP('2013-11-29 19:02:09','YYYY-MM-DD HH24:MI:SS');TO_DATE('2013-12-06','YYYY-MM-DD');NULL;NULL;'Si';'No';
603571;6;12;9;0;'jaqe80@uniandes.edu.co';TO_DATE('2013-07-10','YYYY-MM-DD');TO_TIMESTAMP('2013-07-18 12:59:21','YYYY-MM-DD HH24:MI:SS');TO_DATE('2013-07-25','YYYY-MM-DD');NULL;NULL;'Si';'No';
7354179;25;18;3;0;NULL;TO_DATE('2014-01-05','YYYY-MM-DD');TO_TIMESTAMP('2014-01-14 04:20:14','YYYY-MM-DD HH24:MI:SS');NULL;NULL;NULL;'No';'No';
570640;65;26;1;0;NULL;TO_DATE('2013-08-26','YYYY-MM-DD');TO_TIMESTAMP('2013-09-05 09:27:25','YYYY-MM-DD HH24:MI:SS');NULL;NULL;NULL;'No';'No';
9599834;11;17;6;0;NULL;TO_DATE('2013-06-01','YYYY-MM-DD');TO_TIMESTAMP('2013-06-03 23:36:01','YYYY-MM-DD HH24:MI:SS');NULL;NULL;NULL;'No';'No';
818954;16;16;4;0;'ceti18@hotmail.com';TO_DATE('2014-02-10','YYYY-MM-DD');TO_TIMESTAMP('2014-02-14 22:43:06','YYYY-MM-DD HH24:MI:SS');TO_DATE('2014-02-26','YYYY-MM-DD');NULL;NULL;'Si';'No';
9016675;72;6;10;0;'qaco88@gmail.com';TO_DATE('2013-06-12','YYYY-MM-DD');TO_TIMESTAMP('2013-06-15 16:21:46','YYYY-MM-DD HH24:MI:SS');TO_DATE('2013-06-24','YYYY-MM-DD');NULL;NULL;'Si';'No';
4452402;57;16;3;0;NULL;TO_DATE('2014-02-26','YYYY-MM-DD');TO_TIMESTAMP('2014-03-02 18:02:41','YYYY-MM-DD HH24:MI:SS');NULL;NULL;NULL;'No';'No';
8391857;3;26;7;0;NULL;TO_DATE('2013-12-16','YYYY-MM-DD');TO_TIMESTAMP('2013-12-21 03:13:52','YYYY-MM-DD HH24:MI:SS');NULL;NULL;NULL;'No';'No';
8996721;16;29;16;0;'ti55@uniandes.edu.co';TO_DATE('2013-12-24','YYYY-MM-DD');TO_TIMESTAMP('2013-12-28 10:43:12','YYYY-MM-DD HH24:MI:SS');TO_DATE('2014-01-11','YYYY-MM-DD');NULL;NULL;'Si';'No';
9471810;46;13;15;0;NULL;TO_DATE('2014-03-21','YYYY-MM-DD');TO_TIMESTAMP('2014-03-25 17:44:12','YYYY-MM-DD HH24:MI:SS');NULL;NULL;NULL;'No';'No';
4535693;71;6;9;0;NULL;TO_DATE('2014-03-15','YYYY-MM-DD');TO_TIMESTAMP('2014-03-23 18:30:21','YYYY-MM-DD HH24:MI:SS');NULL;NULL;NULL;'No';'No';
969566;53;29;4;0;NULL;TO_DATE('2014-02-12','YYYY-MM-DD');TO_TIMESTAMP('2014-02-21 22:56:49','YYYY-MM-DD HH24:MI:SS');NULL;NULL;NULL;'No';'No';
2125216;66;20;13;0;NULL;TO_DATE('2013-05-01','YYYY-MM-DD');TO_TIMESTAMP('2013-05-08 13:50:23','YYYY-MM-DD HH24:MI:SS');NULL;NULL;NULL;'No';'No';
8421863;63;12;18;0;'xe60@hotmail.com';TO_DATE('2013-10-13','YYYY-MM-DD');TO_TIMESTAMP('2013-10-23 05:48:20','YYYY-MM-DD HH24:MI:SS');TO_DATE('2013-11-05','YYYY-MM-DD');NULL;NULL;'Si';'No';
1587316;52;26;1;0;NULL;TO_DATE('2013-10-25','YYYY-MM-DD');TO_TIMESTAMP('2013-11-01 19:14:53','YYYY-MM-DD HH24:MI:SS');NULL;NULL;NULL;'No';'No';
3694502;21;16;9;0;NULL;TO_DATE('2014-01-10','YYYY-MM-DD');TO_TIMESTAMP('2014-01-11 13:56:06','YYYY-MM-DD HH24:MI:SS');NULL;NULL;NULL;'No';'No';
7515685;7;18;18;0;NULL;TO_DATE('2014-03-14','YYYY-MM-DD');TO_TIMESTAMP('2014-03-16 02:21:08','YYYY-MM-DD HH24:MI:SS');NULL;NULL;NULL;'No';'No';
904175;68;5;19;0;NULL;TO_DATE('2013-05-11','YYYY-MM-DD');TO_TIMESTAMP('2013-05-16 14:34:15','YYYY-MM-DD HH24:MI:SS');NULL;NULL;NULL;'No';'No';
5201752;68;2;8;0;'vu53@hotmail.com';TO_DATE('2014-03-07','YYYY-MM-DD');TO_TIMESTAMP('2014-03-17 02:48:18','YYYY-MM-DD HH24:MI:SS');TO_DATE('2014-03-25','YYYY-MM-DD');NULL;NULL;'Si';'No';
7849251;25;21;9;0;'juzo69@yahoo.com';TO_DATE('2014-01-22','YYYY-MM-DD');TO_TIMESTAMP('2014-01-29 03:55:19','YYYY-MM-DD HH24:MI:SS');TO_DATE('2014-02-11','YYYY-MM-DD');NULL;NULL;'Si';'No';
3345964;70;9;12;0;'peqe75@gmail.com';TO_DATE('2013-12-13','YYYY-MM-DD');TO_TIMESTAMP('2013-12-21 11:14:06','YYYY-MM-DD HH24:MI:SS');TO_DATE('2014-01-02','YYYY-MM-DD');NULL;NULL;'Si';'No';
6116350;26;26;19;0;NULL;TO_DATE('2013-05-30','YYYY-MM-DD');TO_TIMESTAMP('2013-06-07 18:32:27','YYYY-MM-DD HH24:MI:SS');NULL;NULL;NULL;'No';'No';
165700;45;16;9;0;NULL;TO_DATE('2013-12-09','YYYY-MM-DD');TO_TIMESTAMP('2013-12-10 13:50:30','YYYY-MM-DD HH24:MI:SS');NULL;NULL;NULL;'No';'No';
7131229;72;5;8;0;'to91@gmail.com';TO_DATE('2014-02-07','YYYY-MM-DD');TO_TIMESTAMP('2014-02-14 04:10:44','YYYY-MM-DD HH24:MI:SS');TO_DATE('2014-02-26','YYYY-MM-DD');NULL;NULL;'Si';'No';
1407888;68;8;5;0;'vi15@gmail.com';TO_DATE('2013-09-05','YYYY-MM-DD');TO_TIMESTAMP('2013-09-12 18:33:18','YYYY-MM-DD HH24:MI:SS');TO_DATE('2013-09-20','YYYY-MM-DD');NULL;NULL;'Si';'No';
7447530;52;30;14;14;'lu59@uniandes.edu.co';TO_DATE('2013-06-22','YYYY-MM-DD');TO_TIMESTAMP('2013-06-25 16:21:30','YYYY-MM-DD HH24:MI:SS');TO_DATE('2013-07-05','YYYY-MM-DD');TO_DATE('2013-07-02','YYYY-MM-DD');5;'Si';'Si';
4396891;56;21;12;0;'vazi20@hotmail.com';TO_DATE('2013-07-01','YYYY-MM-DD');TO_TIMESTAMP('2013-07-05 02:08:23','YYYY-MM-DD HH24:MI:SS');TO_DATE('2013-07-13','YYYY-MM-DD');NULL;NULL;'Si';'No';
764421;70;8;7;7;'po62@yahoo.com';TO_DATE('2013-11-22','YYYY-MM-DD');TO_TIMESTAMP('2013-11-27 02:24:37','YYYY-MM-DD HH24:MI:SS');TO_DATE('2013-12-11','YYYY-MM-DD');TO_DATE('2013-12-12','YYYY-MM-DD');4;'Si';'Si';
859540;5;28;10;0;NULL;TO_DATE('2013-09-02','YYYY-MM-DD');TO_TIMESTAMP('2013-09-06 08:24:01','YYYY-MM-DD HH24:MI:SS');NULL;NULL;NULL;'No';'No';
2626883;55;28;1;0;NULL;TO_DATE('2013-07-01','YYYY-MM-DD');TO_TIMESTAMP('2013-07-11 20:41:58','YYYY-MM-DD HH24:MI:SS');NULL;NULL;NULL;'No';'No';
4699928;31;29;16;0;'xiju86@hotmail.com';TO_DATE('2014-01-21','YYYY-MM-DD');TO_TIMESTAMP('2014-01-21 14:26:29','YYYY-MM-DD HH24:MI:SS');TO_DATE('2014-01-29','YYYY-MM-DD');NULL;NULL;'Si';'No';
7111841;3;13;13;0;'guwa51@hotmail.com';TO_DATE('2013-12-22','YYYY-MM-DD');TO_TIMESTAMP('2014-01-01 11:58:36','YYYY-MM-DD HH24:MI:SS');TO_DATE('2014-01-15','YYYY-MM-DD');NULL;NULL;'Si';'No';
2989939;60;30;15;0;'re16@uniandes.edu.co';TO_DATE('2014-02-20','YYYY-MM-DD');TO_TIMESTAMP('2014-02-27 04:06:22','YYYY-MM-DD HH24:MI:SS');TO_DATE('2014-03-06','YYYY-MM-DD');NULL;NULL;'Si';'No';
6056325;66;13;16;0;NULL;TO_DATE('2014-01-22','YYYY-MM-DD');TO_TIMESTAMP('2014-02-01 01:45:57','YYYY-MM-DD HH24:MI:SS');NULL;NULL;NULL;'No';'No';
6274439;51;29;20;0;NULL;TO_DATE('2013-07-28','YYYY-MM-DD');TO_TIMESTAMP('2013-07-31 00:13:01','YYYY-MM-DD HH24:MI:SS');NULL;NULL;NULL;'No';'No';
145863;63;18;18;0;NULL;TO_DATE('2013-04-24','YYYY-MM-DD');TO_TIMESTAMP('2013-04-28 07:24:07','YYYY-MM-DD HH24:MI:SS');NULL;NULL;NULL;'No';'No';
9254439;70;9;9;0;'weqo42@gmail.com';TO_DATE('2014-03-24','YYYY-MM-DD');TO_TIMESTAMP('2014-03-25 15:46:08','YYYY-MM-DD HH24:MI:SS');TO_DATE('2014-04-06','YYYY-MM-DD');NULL;NULL;'Si';'No';
8110880;65;19;17;0;NULL;TO_DATE('2013-11-28','YYYY-MM-DD');TO_TIMESTAMP('2013-12-05 21:47:23','YYYY-MM-DD HH24:MI:SS');NULL;NULL;NULL;'No';'No';
2901251;35;18;16;0;NULL;TO_DATE('2014-04-13','YYYY-MM-DD');TO_TIMESTAMP('2014-04-23 07:32:41','YYYY-MM-DD HH24:MI:SS');NULL;NULL;NULL;'No';'No';
5030187;34;28;15;0;NULL;TO_DATE('2013-05-07','YYYY-MM-DD');TO_TIMESTAMP('2013-05-10 12:55:36','YYYY-MM-DD HH24:MI:SS');NULL;NULL;NULL;'No';'No';
7639689;4;29;9;9;'yi85@uniandes.edu.co';TO_DATE('2014-01-30','YYYY-MM-DD');TO_TIMESTAMP('2014-02-07 09:58:10','YYYY-MM-DD HH24:MI:SS');TO_DATE('2014-02-18','YYYY-MM-DD');TO_DATE('2014-02-16','YYYY-MM-DD');5;'Si';'Si';
473288;66;30;4;0;NULL;TO_DATE('2013-11-14','YYYY-MM-DD');TO_TIMESTAMP('2013-11-25 06:18:40','YYYY-MM-DD HH24:MI:SS');NULL;NULL;NULL;'No';'No';
5016387;57;26;13;0;'tu39@yahoo.com';TO_DATE('2013-08-22','YYYY-MM-DD');TO_TIMESTAMP('2013-08-29 04:22:34','YYYY-MM-DD HH24:MI:SS');TO_DATE('2013-09-11','YYYY-MM-DD');NULL;NULL;'Si';'No';
5637291;64;11;14;14;'ne45@yahoo.com';TO_DATE('2013-09-13','YYYY-MM-DD');TO_TIMESTAMP('2013-09-18 16:24:40','YYYY-MM-DD HH24:MI:SS');TO_DATE('2013-09-25','YYYY-MM-DD');TO_DATE('2013-09-22','YYYY-MM-DD');5;'Si';'Si';
5700433;71;2;17;0;'kido42@uniandes.edu.co';TO_DATE('2013-08-09','YYYY-MM-DD');TO_TIMESTAMP('2013-08-19 12:09:21','YYYY-MM-DD HH24:MI:SS');TO_DATE('2013-08-31','YYYY-MM-DD');NULL;NULL;'Si';'No';
5516906;18;26;19;0;NULL;TO_DATE('2014-03-12','YYYY-MM-DD');TO_TIMESTAMP('2014-03-18 08:09:27','YYYY-MM-DD HH24:MI:SS');NULL;NULL;NULL;'No';'No';
764211;72;2;13;0;'zufo3@hotmail.com';TO_DATE('2013-09-21','YYYY-MM-DD');TO_TIMESTAMP('2013-09-21 17:12:36','YYYY-MM-DD HH24:MI:SS');TO_DATE('2013-09-28','YYYY-MM-DD');NULL;NULL;'Si';'No';
6695532;70;10;11;11;'peqe75@gmail.com';TO_DATE('2014-02-16','YYYY-MM-DD');TO_TIMESTAMP('2014-02-19 13:27:01','YYYY-MM-DD HH24:MI:SS');TO_DATE('2014-03-05','YYYY-MM-DD');TO_DATE('2014-03-07','YYYY-MM-DD');3;'Si';'Si';
6178903;25;21;11;0;NULL;TO_DATE('2013-05-14','YYYY-MM-DD');TO_TIMESTAMP('2013-05-15 18:07:15','YYYY-MM-DD HH24:MI:SS');NULL;NULL;NULL;'No';'No';
5331938;3;20;9;0;NULL;TO_DATE('2013-10-08','YYYY-MM-DD');TO_TIMESTAMP('2013-10-18 14:58:04','YYYY-MM-DD HH24:MI:SS');NULL;NULL;NULL;'No';'No';
7057481;35;17;4;0;NULL;TO_DATE('2013-12-15','YYYY-MM-DD');TO_TIMESTAMP('2013-12-18 00:59:15','YYYY-MM-DD HH24:MI:SS');NULL;NULL;NULL;'No';'No';
7556755;40;14;18;0;NULL;TO_DATE('2013-09-30','YYYY-MM-DD');TO_TIMESTAMP('2013-10-04 00:57:26','YYYY-MM-DD HH24:MI:SS');NULL;NULL;NULL;'No';'No';
3993326;66;17;16;0;NULL;TO_DATE('2014-02-02','YYYY-MM-DD');TO_TIMESTAMP('2014-02-07 01:07:29','YYYY-MM-DD HH24:MI:SS');NULL;NULL;NULL;'No';'No';
6383727;52;17;3;6;'xe60@hotmail.com';TO_DATE('2013-08-09','YYYY-MM-DD');TO_TIMESTAMP('2013-08-20 10:26:54','YYYY-MM-DD HH24:MI:SS');TO_DATE('2013-08-29','YYYY-MM-DD');TO_DATE('2013-08-28','YYYY-MM-DD');5;'Si';'Si';
500844;54;11;19;0;'re16@uniandes.edu.co';TO_DATE('2013-11-28','YYYY-MM-DD');TO_TIMESTAMP('2013-12-08 11:52:26','YYYY-MM-DD HH24:MI:SS');TO_DATE('2013-12-18','YYYY-MM-DD');NULL;NULL;'Si';'No';
5185558;37;25;14;0;'du32@hotmail.com';TO_DATE('2014-01-25','YYYY-MM-DD');TO_TIMESTAMP('2014-02-04 04:05:53','YYYY-MM-DD HH24:MI:SS');TO_DATE('2014-02-17','YYYY-MM-DD');NULL;NULL;'Si';'No';
9896897;38;22;9;0;'ko62@hotmail.com';TO_DATE('2014-01-14','YYYY-MM-DD');TO_TIMESTAMP('2014-01-16 04:07:24','YYYY-MM-DD HH24:MI:SS');TO_DATE('2014-01-31','YYYY-MM-DD');NULL;NULL;'Si';'No';
6504945;69;10;6;0;NULL;TO_DATE('2013-06-01','YYYY-MM-DD');TO_TIMESTAMP('2013-06-05 20:05:55','YYYY-MM-DD HH24:MI:SS');NULL;NULL;NULL;'No';'No';
7780715;57;27;1;2;'li12@yahoo.com';TO_DATE('2014-03-09','YYYY-MM-DD');TO_TIMESTAMP('2014-03-11 20:00:01','YYYY-MM-DD HH24:MI:SS');TO_DATE('2014-03-23','YYYY-MM-DD');TO_DATE('2014-03-18','YYYY-MM-DD');5;'Si';'Si';
2290224;45;30;19;0;NULL;TO_DATE('2014-03-18','YYYY-MM-DD');TO_TIMESTAMP('2014-03-21 19:10:01','YYYY-MM-DD HH24:MI:SS');NULL;NULL;NULL;'No';'No';
222038;45;20;18;34;'ru61@uniandes.edu.co';TO_DATE('2013-06-29','YYYY-MM-DD');TO_TIMESTAMP('2013-07-03 07:26:55','YYYY-MM-DD HH24:MI:SS');TO_DATE('2013-07-13','YYYY-MM-DD');TO_DATE('2013-07-14','YYYY-MM-DD');4;'Si';'Si';
8632941;71;7;6;0;NULL;TO_DATE('2013-09-15','YYYY-MM-DD');TO_TIMESTAMP('2013-09-19 12:48:04','YYYY-MM-DD HH24:MI:SS');NULL;NULL;NULL;'No';'No';
2464754;53;22;11;13;'seqo49@uniandes.edu.co';TO_DATE('2013-09-27','YYYY-MM-DD');TO_TIMESTAMP('2013-10-08 12:55:53','YYYY-MM-DD HH24:MI:SS');TO_DATE('2013-10-18','YYYY-MM-DD');TO_DATE('2013-10-17','YYYY-MM-DD');5;'Si';'Si';
9101269;68;3;4;0;NULL;TO_DATE('2013-09-18','YYYY-MM-DD');TO_TIMESTAMP('2013-09-19 01:01:59','YYYY-MM-DD HH24:MI:SS');NULL;NULL;NULL;'No';'No';
3338375;33;23;1;0;NULL;TO_DATE('2013-10-27','YYYY-MM-DD');TO_TIMESTAMP('2013-11-02 04:35:50','YYYY-MM-DD HH24:MI:SS');NULL;NULL;NULL;'No';'No';
9712397;70;8;7;8;'qaco88@gmail.com';TO_DATE('2014-02-03','YYYY-MM-DD');TO_TIMESTAMP('2014-02-14 11:05:42','YYYY-MM-DD HH24:MI:SS');TO_DATE('2014-02-27','YYYY-MM-DD');TO_DATE('2014-03-04','YYYY-MM-DD');0;'Si';'Si';
9722018;67;5;18;30;'vi15@gmail.com';TO_DATE('2013-07-27','YYYY-MM-DD');TO_TIMESTAMP('2013-08-04 06:13:52','YYYY-MM-DD HH24:MI:SS');TO_DATE('2013-08-19','YYYY-MM-DD');TO_DATE('2013-08-18','YYYY-MM-DD');5;'Si';'Si';
1620406;37;22;17;0;'rola90@uniandes.edu.co';TO_DATE('2013-12-11','YYYY-MM-DD');TO_TIMESTAMP('2013-12-22 10:49:05','YYYY-MM-DD HH24:MI:SS');TO_DATE('2014-01-03','YYYY-MM-DD');NULL;NULL;'Si';'No';
6151326;50;19;17;0;NULL;TO_DATE('2013-06-18','YYYY-MM-DD');TO_TIMESTAMP('2013-06-29 06:06:48','YYYY-MM-DD HH24:MI:SS');NULL;NULL;NULL;'No';'No';
2594351;11;28;8;0;'guwa51@hotmail.com';TO_DATE('2014-03-01','YYYY-MM-DD');TO_TIMESTAMP('2014-03-08 09:40:21','YYYY-MM-DD HH24:MI:SS');TO_DATE('2014-03-23','YYYY-MM-DD');NULL;NULL;'Si';'No';
9847732;53;11;6;0;'bi18@yahoo.com';TO_DATE('2013-10-16','YYYY-MM-DD');TO_TIMESTAMP('2013-10-19 22:17:10','YYYY-MM-DD HH24:MI:SS');TO_DATE('2013-10-26','YYYY-MM-DD');NULL;NULL;'Si';'No';
3568151;9;27;6;0;NULL;TO_DATE('2014-03-09','YYYY-MM-DD');TO_TIMESTAMP('2014-03-18 05:07:05','YYYY-MM-DD HH24:MI:SS');NULL;NULL;NULL;'No';'No';
2412404;32;21;1;0;'ti55@uniandes.edu.co';TO_DATE('2013-09-11','YYYY-MM-DD');TO_TIMESTAMP('2013-09-15 16:18:24','YYYY-MM-DD HH24:MI:SS');TO_DATE('2013-09-26','YYYY-MM-DD');NULL;NULL;'Si';'No';
5535186;65;18;9;0;'ne45@yahoo.com';TO_DATE('2014-02-21','YYYY-MM-DD');TO_TIMESTAMP('2014-03-01 15:05:05','YYYY-MM-DD HH24:MI:SS');TO_DATE('2014-03-11','YYYY-MM-DD');NULL;NULL;'Si';'No';
3878032;69;7;14;0;NULL;TO_DATE('2013-10-21','YYYY-MM-DD');TO_TIMESTAMP('2013-10-31 14:45:25','YYYY-MM-DD HH24:MI:SS');NULL;NULL;NULL;'No';'No';
4313399;64;30;15;0;'roha13@uniandes.edu.co';TO_DATE('2013-05-26','YYYY-MM-DD');TO_TIMESTAMP('2013-05-27 05:53:21','YYYY-MM-DD HH24:MI:SS');TO_DATE('2013-06-09','YYYY-MM-DD');NULL;NULL;'Si';'No';
