DIRECCION_ELECTRONICA;NOMBRE;DOC_IDENTIFICACION;PALABRA_CLAVE;CIUDAD;DEPARTAMENTO;NACIONALIDAD;DIRECCION_FISICA;CODIGO_POSTAL;TELEFONO;ROL;TIPO;
'cd.bedoya212@uniandes.edu.co';'Claudia Bedoya';'C.C. 12';'abc';'Bogotá';'Cundinamarca';'Colombiano';NULL;NULL;NULL;'Administrador general CabAndes';'Persona natural';
'js.salamanca@uniandes.edu.co';'Johnathan Salamanca';'C.C. 34';'abc';'Bogotá';'Cundinamarca';'Colombiano';NULL;NULL;NULL;'Administrador general CabAndes';'Persona natural';
'bi18@yahoo.com';'Gerardo Rivero Valdéz';'C.C. 316486262';'Ii19wJgg';'Barranquilla';'Atlántico';'Colombiano';NULL;883;'3219745';'Proveedor';'Persona natural';
'ji39@yahoo.com';'Mónica Martínez Aguirre';'C.C. 602543198';'S0COjxqQp';'Bucaramanga';'Santander';'Colombiano';'Calle 13 #89-81';NULL;'2026517';'Administrador de local';'Persona natural';
'bo39@hotmail.com';'Restaurante 732';'NIT 748227726';'b2rUVbBf';'Cali';'Valle del Cauca';'Colombiano';'Carrera 89 #85-26';669;'2640723';'Comprador mayorista';'Empresa';
'nese28@uniandes.edu.co';'Erica Lilia Acosta Vásquez';'C.C. 833503730';'63HVgDGz';NULL;NULL;NULL;'Calle 47 #86-33';793;NULL;'Proveedor';'Persona natural';
'me32@uniandes.edu.co';'Lucas Martín Figueroa Pérez';'C.C. 153811577';'mZXD8PRF0Oy';'Medellín';'Antioquia';'Colombiano';'Carrera 39 #19-01';276;NULL;'Administrador de local';'Persona natural';
'ni27@uniandes.edu.co';'Ana Ingrid Acuña Arias';'C.C. 670989481';'F6ZvM0Zer7z';'Barranquilla';'Atlántico';'Colombiano';'Calle 92 #88-32';NULL;'7763438';'Administrador de local';'Persona natural';
'ko62@hotmail.com';'Henry Óscar Molina Cáceres';'C.C. 835464875';'teREiKUT';'Cali';'Valle del Cauca';'Colombiano';'Carrera 23 #43-40';394;'7061720';'Proveedor';'Persona natural';
'heru94@hotmail.com';'Restaurante 987';'NIT 88267935';'IyOp2wZ64NWK';'Cali';'Valle del Cauca';'Colombiano';NULL;293;'6226155';'Comprador mayorista';'Empresa';
'xe69@gmail.com';'Henry Morales Fernández';'C.C. 137165005';'nGQKLBWM3U';'Bucaramanga';'Santander';'Colombiano';'Calle 5 #74-61';NULL;NULL;'Administrador de local';'Persona natural';
'fo67@yahoo.com';'Juliana Viviana Velázquez Castillo';'C.C. 519745815';'RjeuWJbG7W';'Bogotá';'Cundinamarca';'Colombiano';NULL;728;NULL;'Proveedor';'Persona natural';
'juzo69@yahoo.com';'Cecilia Aguirre Gutiérrez';'C.C. 953829298';'zyvogPnWUz';NULL;NULL;NULL;NULL;NULL;'4826498';'Proveedor';'Persona natural';
'so82@gmail.com';'Hotel 771';'NIT 536114016';'D6g7VLA4';NULL;NULL;NULL;'Carrera 46 #62-57';612;'6733653';'Comprador mayorista';'Empresa';
'vima99@yahoo.com';'Lorenzo Iván Correa Muñoz';'C.C. 725276671';'fjhH93ber8';'Bogotá';'Cundinamarca';'Colombiano';NULL;NULL;'5465375';'Proveedor';'Persona natural';
'zebo70@yahoo.com';'Juan Virgilio Medina Méndez';'C.C. 148706799';'kn0TkKvZGojC';'Bogotá';'Cundinamarca';'Colombiano';NULL;71;NULL;'Administrador de local';'Persona natural';
'zihi33@hotmail.com';'Angélica Cármen Ávila Castro';'C.C. 509027020';'RuVQwfP4PiJ0';NULL;NULL;NULL;NULL;520;'2236971';'Administrador de local';'Persona natural';
'ku50@hotmail.com';'Hotel 552';'NIT 304180437';'aHQCLUhlls';'Bogotá';'Cundinamarca';'Colombiano';'Carrera 28 #14-28';309;'2860307';'Comprador mayorista';'Empresa';
'te97@gmail.com';'Horacio Samuel Morales Ríos';'C.C. 813954745';'CUXG9oUZgALI';'Bucaramanga';'Santander';'Colombiano';NULL;NULL;'4346408';'Administrador de local';'Persona natural';
'mi71@yahoo.com';'Vicente Chávez Pérez';'C.C. 781344181';'HpPsb8MQ';'Medellín';'Antioquia';'Colombiano';NULL;NULL;NULL;'Administrador de local';'Persona natural';
'nolo72@uniandes.edu.co';'Lola Castillo Cáceres';'C.C. 106826463';'AKAuMX5h';NULL;NULL;NULL;NULL;NULL;'3184036';'Administrador de local';'Persona natural';
'xe60@hotmail.com';'Claudia Matilde Rojas Escobar';'C.C. 807566333';'GU6tGTwWnE';NULL;NULL;NULL;'Calle 53 #50-88';NULL;'3544388';'Proveedor';'Persona natural';
'rola90@uniandes.edu.co';'Helena Hernández Rodríguez';'C.C. 363492181';'VjgHuPYX4';'Bucaramanga';'Santander';'Colombiano';NULL;3;'6901070';'Proveedor';'Persona natural';
'to93@yahoo.com';'Restaurante 37';'NIT 625298025';'aJXhm3wNJ';NULL;NULL;NULL;NULL;688;'3011845';'Comprador mayorista';'Empresa';
'go36@gmail.com';'Margarita Beatriz Ávila Chávez';'C.C. 528216709';'5swjOWNJa6';'Medellín';'Antioquia';'Colombiano';NULL;NULL;'3885076';'Proveedor';'Persona natural';
'to95@gmail.com';'Hotel 139';'NIT 438657593';'cTgQzPR8zh';'Medellín';'Antioquia';'Colombiano';'Calle 35 #49-75';NULL;'5261433';'Comprador mayorista';'Empresa';
'qe80@uniandes.edu.co';'Supermercado 159';'NIT 652743483';'YRgI17Wl';'Medellín';'Antioquia';'Colombiano';'Carrera 30 #78-43';268;'2225016';'Comprador mayorista';'Empresa';
'hidi1@hotmail.com';'Hotel 285';'NIT 663017291';'9QPJ8a8l8w9F';'Bucaramanga';'Santander';'Colombiano';'Carrera 37 #21-05';309;'2318405';'Comprador mayorista';'Empresa';
'mi14@uniandes.edu.co';'Guillermo Gabriel Herrera González';'C.C. 812934557';'o5ni3FMX';'Bucaramanga';'Santander';'Colombiano';NULL;NULL;NULL;'Administrador de local';'Persona natural';
'to86@gmail.com';'Restaurante 886';'NIT 670451454';'Iqah5zLil';'Cali';'Valle del Cauca';'Colombiano';NULL;644;'5241117';'Comprador mayorista';'Empresa';
'xu4@uniandes.edu.co';'Amparo Lucía Ávila Fernández';'C.C. 72085146';'br4GnoEe7q';'Cali';'Valle del Cauca';'Colombiano';'Carrera 8 #34-44';708;NULL;'Administrador de local';'Persona natural';
'mu11@uniandes.edu.co';'Hotel 899';'NIT 267926914';'r9BS5fpNel';'Bucaramanga';'Santander';'Colombiano';NULL;525;'7077946';'Comprador mayorista';'Empresa';
'xa62@uniandes.edu.co';'Sara Josefina Valdéz Correa';'C.C. 111331604';'6sSt1ndza7';'Barranquilla';'Atlántico';'Colombiano';NULL;490;'4729329';'Proveedor';'Persona natural';
're16@uniandes.edu.co';'Teresa Cáceres Moreno';'C.C. 293085530';'MT6oCB1GnD7B';'Cali';'Valle del Cauca';'Colombiano';NULL;NULL;'4767727';'Proveedor';'Persona natural';
'do4@uniandes.edu.co';'Hotel 688';'NIT 487934740';'Vit6yyRHux';'Bogotá';'Cundinamarca';'Colombiano';NULL;552;NULL;'Comprador mayorista';'Empresa';
'wo79@yahoo.com';'Supermercado 814';'NIT 914027402';'qeaIC5QoHrOs';'Barranquilla';'Atlántico';'Colombiano';'Carrera 40 #22-36';798;'3181644';'Comprador mayorista';'Empresa';
'bilu91@gmail.com';'Isabel Angélica Correa Silva';'C.C. 863212758';'e7GrgoO9fG';'Medellín';'Antioquia';'Colombiano';'Carrera 84 #94-80';NULL;'5828143';'Proveedor';'Persona natural';
'tipu74@uniandes.edu.co';'Efraín Leiva Salamanca';'C.C. 133297344';'aReTLvDv0JG';'Bogotá';'Cundinamarca';'Colombiano';NULL;950;'5315292';'Administrador de local';'Persona natural';
'mumu25@yahoo.com';'Supermercado 56';'NIT 129158536';'XfAKOQSvt1';'Bogotá';'Cundinamarca';'Colombiano';'Calle 65 #51-79';708;'3817747';'Comprador mayorista';'Empresa';
'vela43@hotmail.com';'Restaurante 251';'NIT 583402432';'Zmor7NuMBdy';'Cali';'Valle del Cauca';'Colombiano';'Calle 14 #69-31';NULL;'5769155';'Comprador mayorista';'Empresa';
'wu28@yahoo.com';'Mónica Ingrid Medina Rivero';'C.C. 895732933';'3AChHnkNnQ4F';NULL;NULL;NULL;'Calle 67 #40-59';748;NULL;'Administrador de local';'Persona natural';
'xiju86@hotmail.com';'Consuelo Medina Córdoba';'C.C. 872569687';'npdGaw3gJ5';'Bucaramanga';'Santander';'Colombiano';'Carrera 79 #68-39';607;'5374519';'Proveedor';'Persona natural';
'vi15@gmail.com';'Amparo Velázquez Figueroa';'C.C. 229878689';'e1mlx8BIk5u';'Barranquilla';'Atlántico';'Colombiano';'Calle 86 #63-92';NULL;'4403406';'Proveedor';'Persona natural';
'bico12@yahoo.com';'Pablo Joaquín Castro López';'C.C. 317546743';'aCH6OmGO8XAZ';NULL;NULL;NULL;NULL;NULL;'6404949';'Administrador de local';'Persona natural';
'veki71@uniandes.edu.co';'Restaurante 216';'NIT 304396179';'eDuxslhJMEV7';'Barranquilla';'Atlántico';'Colombiano';'Calle 33 #19-25';NULL;NULL;'Comprador mayorista';'Empresa';
'deqi28@hotmail.com';'Restaurante 867';'NIT 661350080';'UwxQo9EQZ';'Medellín';'Antioquia';'Colombiano';'Calle 3 #30-64';752;NULL;'Comprador mayorista';'Empresa';
'fuke46@yahoo.com';'Supermercado 294';'NIT 492289141';'783C9smH';'Cali';'Valle del Cauca';'Colombiano';'Carrera 95 #19-98';939;'3769512';'Comprador mayorista';'Empresa';
'qisa5@uniandes.edu.co';'Restaurante 153';'NIT 172943932';'YHY1SDddr';'Barranquilla';'Atlántico';'Colombiano';'Calle 85 #64-02';NULL;NULL;'Comprador mayorista';'Empresa';
'fado22@gmail.com';'Luisa Carolina Páez García';'C.C. 899448914';'5FJ9bPoRHD8';'Barranquilla';'Atlántico';'Colombiano';'Calle 54 #94-78';NULL;NULL;'Administrador de local';'Persona natural';
'qati23@yahoo.com';'Restaurante 287';'NIT 275850620';'l5gZYBRLe';'Cali';'Valle del Cauca';'Colombiano';'Carrera 15 #2-59';34;NULL;'Comprador mayorista';'Empresa';
'ru65@gmail.com';'Hotel 602';'NIT 396194392';'54GQqeHj';'Medellín';'Antioquia';'Colombiano';NULL;NULL;NULL;'Comprador mayorista';'Empresa';
'benu23@uniandes.edu.co';'Supermercado 586';'NIT 132761780';'ULW1yFrq9';'Bucaramanga';'Santander';'Colombiano';'Calle 60 #57-11';901;'5430233';'Comprador mayorista';'Empresa';
'qe95@uniandes.edu.co';'Esperanza Eliana Vásquez Correa';'C.C. 267936177';'AGbBZKtOdHO';'Medellín';'Antioquia';'Colombiano';NULL;NULL;'2257616';'Proveedor';'Persona natural';
'jiya59@yahoo.com';'Hotel 268';'NIT 725339533';'ihVPNYcPSG';'Bogotá';'Cundinamarca';'Colombiano';'Calle 33 #86-79';739;'3545359';'Comprador mayorista';'Empresa';
'ko82@gmail.com';'Supermercado 413';'NIT 969648302';'QzM9n8DaZ61';'Cali';'Valle del Cauca';'Colombiano';'Calle 4 #78-26';NULL;NULL;'Comprador mayorista';'Empresa';
'vu53@hotmail.com';'Camila Maldonado Castro';'C.C. 21179257';'aN4pbCZrff';'Bogotá';'Cundinamarca';'Colombiano';'Carrera 66 #20-52';310;NULL;'Proveedor';'Persona natural';
'gipe93@hotmail.com';'Restaurante 481';'NIT 435679596';'2l0u9k83YaT';'Bucaramanga';'Santander';'Colombiano';NULL;370;NULL;'Comprador mayorista';'Empresa';
'le97@uniandes.edu.co';'Leonor Mariana Torres Núñez';'C.C. 859064001';'rzOMZSNwP';'Medellín';'Antioquia';'Colombiano';'Calle 57 #19-95';950;'4893151';'Proveedor';'Persona natural';
'gixi51@yahoo.com';'Emilio Gabriel Jiménez Cabrera';'C.C. 485404248';'ecFAbJjc';'Barranquilla';'Atlántico';'Colombiano';NULL;NULL;'2727865';'Administrador de local';'Persona natural';
'to91@gmail.com';'Vicente Martín Méndez Correa';'C.C. 649799657';'uhLYCaDt2lIL';'Cali';'Valle del Cauca';'Colombiano';'Calle 53 #43-46';173;'3972025';'Proveedor';'Persona natural';
'roha13@uniandes.edu.co';'Josefina Ximena Pérez Ortiz';'C.C. 452810572';'7nCa3ANIi6dH';'Cali';'Valle del Cauca';'Colombiano';NULL;588;'6296725';'Proveedor';'Persona natural';
'mare65@hotmail.com';'Supermercado 320';'NIT 202641400';'yoDtLdEPe4';'Cali';'Valle del Cauca';'Colombiano';'Carrera 19 #68-08';NULL;'4137753';'Comprador mayorista';'Empresa';
'pixu63@uniandes.edu.co';'Johanna Julieta Acuña Cruz';'C.C. 964517997';'etT8s934euq';'Bogotá';'Cundinamarca';'Colombiano';'Carrera 22 #91-59';NULL;NULL;'Proveedor';'Persona natural';
'ka83@gmail.com';'Elvira Gómez Rojas';'C.C. 718536337';'jTuDS1lmNi';NULL;NULL;NULL;'Calle 55 #68-20';493;NULL;'Administrador de local';'Persona natural';
'leli97@yahoo.com';'Fernando Julio Villalba Jiménez';'C.C. 647511225';'BLn1avqF';NULL;NULL;NULL;'Carrera 35 #28-55';751;'2751443';'Administrador de local';'Persona natural';
'nami42@uniandes.edu.co';'Restaurante 39';'NIT 789138653';'6f4SSr420v';'Cali';'Valle del Cauca';'Colombiano';'Carrera 45 #37-55';224;'3291585';'Comprador mayorista';'Empresa';
'ni36@yahoo.com';'Jorge Humberto Velázquez Castillo';'C.C. 273192745';'7if8NJaMxN';'Medellín';'Antioquia';'Colombiano';'Carrera 99 #93-06';NULL;'5419624';'Administrador de local';'Persona natural';
'ne28@gmail.com';'Hotel 979';'NIT 337896869';'OmxH3juhM6O';'Bogotá';'Cundinamarca';'Colombiano';'Calle 47 #92-17';NULL;'2488461';'Comprador mayorista';'Empresa';
'vomu47@yahoo.com';'Lucía Córdoba Jiménez';'C.C. 230286524';'HkOOFMZh';'Barranquilla';'Atlántico';'Colombiano';'Calle 35 #92-65';475;'4399220';'Proveedor';'Persona natural';
'lu70@gmail.com';'Juana Gabriela Rojas Figueroa';'C.C. 394669010';'VwXGxrsDHzcY';'Cali';'Valle del Cauca';'Colombiano';'Calle 61 #36-88';NULL;'5261037';'Proveedor';'Persona natural';
'cu33@gmail.com';'Restaurante 971';'NIT 462828113';'IOPPLrBPPkz';'Medellín';'Antioquia';'Colombiano';NULL;971;NULL;'Comprador mayorista';'Empresa';
'ni44@uniandes.edu.co';'Trinidad Gutiérrez Suárez';'C.C. 827558414';'JLkVFrgkP22';'Medellín';'Antioquia';'Colombiano';'Calle 86 #54-86';404;'5977887';'Administrador de local';'Persona natural';
'xuya77@hotmail.com';'Edgar David Chávez Chávez';'C.C. 750467850';'06awaXfow';NULL;NULL;NULL;'Carrera 48 #11-60';460;NULL;'Proveedor';'Persona natural';
'ruju50@yahoo.com';'Restaurante 727';'NIT 197768517';'OQRW7oHIaubG';'Medellín';'Antioquia';'Colombiano';'Calle 59 #92-39';12;'6335830';'Comprador mayorista';'Empresa';
'vazi20@hotmail.com';'Luisa Patricia Cruz Martínez';'C.C. 332194149';'YN24XzVmLy5Y';'Bogotá';'Cundinamarca';'Colombiano';'Carrera 22 #35-49';21;'7492210';'Proveedor';'Persona natural';
'joca23@hotmail.com';'Enrique Jiménez Romero';'C.C. 233291565';'U2xSATM0D';'Bucaramanga';'Santander';'Colombiano';'Carrera 79 #48-50';210;'2281088';'Proveedor';'Persona natural';
'ya84@uniandes.edu.co';'Fabio Fernando Ortiz Rojas';'C.C. 725499578';'xfrl51hAIQm';'Cali';'Valle del Cauca';'Colombiano';NULL;700;'6275339';'Proveedor';'Persona natural';
'dixu22@yahoo.com';'Mariana Josefina Vera Rodríguez';'C.C. 65849715';'adYHGL97nl';'Bogotá';'Cundinamarca';'Colombiano';'Calle 6 #96-06';870;NULL;'Proveedor';'Persona natural';
'pa82@uniandes.edu.co';'Alba Sandra Moreno Aguirre';'C.C. 621627599';'YYC6paYDc';'Cali';'Valle del Cauca';'Colombiano';NULL;NULL;NULL;'Proveedor';'Persona natural';
'qipe68@gmail.com';'Humberto Alfonso Vásquez Mendoza';'C.C. 134581525';'qYplhoQpV';NULL;NULL;NULL;'Carrera 32 #22-85';370;NULL;'Administrador de local';'Persona natural';
'rofi34@gmail.com';'Edgar Gómez Cardozo';'C.C. 725128142';'9nu3aU9WN3B';'Barranquilla';'Atlántico';'Colombiano';'Calle 96 #76-33';NULL;'5513608';'Proveedor';'Persona natural';
'ce70@uniandes.edu.co';'William Jorge Romero Vera';'C.C. 480249067';'vEby8Do1d';NULL;NULL;NULL;'Carrera 10 #56-71';486;NULL;'Administrador de local';'Persona natural';
'ji4@hotmail.com';'Julia Jimena Cabrera Méndez';'C.C. 715009189';'nslfmrEqP';'Medellín';'Antioquia';'Colombiano';'Calle 73 #72-46';NULL;'4900015';'Administrador de local';'Persona natural';
'robi10@yahoo.com';'Hotel 779';'NIT 665299688';'GbgYgWvOrp';'Cali';'Valle del Cauca';'Colombiano';NULL;NULL;NULL;'Comprador mayorista';'Empresa';
'ko55@yahoo.com';'Lola Xiomara Correa Aguirre';'C.C. 338022305';'ywqpXYmqw7';'Cali';'Valle del Cauca';'Colombiano';NULL;NULL;NULL;'Administrador de local';'Persona natural';
'po62@yahoo.com';'Fabiola Arce Ponce';'C.C. 98671297';'SOCEyHeA';'Cali';'Valle del Cauca';'Colombiano';NULL;663;'2851463';'Proveedor';'Persona natural';
'hose83@gmail.com';'Eduardo Rodríguez Duarte';'C.C. 692221191';'2cQohuTd';'Bucaramanga';'Santander';'Colombiano';'Carrera 26 #20-72';746;'6877740';'Administrador de local';'Persona natural';
'leju18@hotmail.com';'Edgar Ávila Aguirre';'C.C. 389285901';'Si8pNSUxOZ';'Cali';'Valle del Cauca';'Colombiano';NULL;637;NULL;'Proveedor';'Persona natural';
'vofe30@yahoo.com';'Sara Vargas Vega';'C.C. 675806069';'UYgrumgX';NULL;NULL;NULL;'Calle 67 #57-33';NULL;'4983897';'Administrador de local';'Persona natural';
'beno69@gmail.com';'Supermercado 846';'NIT 119163269';'kzXu3erJRh';'Medellín';'Antioquia';'Colombiano';'Carrera 15 #24-43';579;'3085098';'Comprador mayorista';'Empresa';
'ti55@uniandes.edu.co';'Fernando Víctor Sánchez Romero';'C.C. 433566807';'yULv04e1a9';'Medellín';'Antioquia';'Colombiano';'Calle 85 #25-66';NULL;NULL;'Proveedor';'Persona natural';
'ha61@gmail.com';'Ximena Vera Fernández';'C.C. 282227695';'VEnlYAdkB';'Cali';'Valle del Cauca';'Colombiano';NULL;377;'3803762';'Administrador de local';'Persona natural';
'ca37@uniandes.edu.co';'Miguel Daniel Acosta Gutiérrez';'C.C. 782381098';'mUCbPdKjgl';'Barranquilla';'Atlántico';'Colombiano';'Calle 6 #90-06';566;'7011873';'Administrador de local';'Persona natural';
'wenu82@gmail.com';'Mónica Paula Velázquez Rivero';'C.C. 249366447';'oKlmxq7NZ';'Bucaramanga';'Santander';'Colombiano';'Carrera 42 #40-84';742;'3978309';'Administrador de local';'Persona natural';
'de37@uniandes.edu.co';'Supermercado 235';'NIT 543085144';'ExEZiLSN';NULL;NULL;NULL;'Carrera 70 #20-63';NULL;NULL;'Comprador mayorista';'Empresa';
'va26@gmail.com';'Cristina Vásquez Flórez';'C.C. 665996003';'ZkDsGDCtkDZ';'Bogotá';'Cundinamarca';'Colombiano';'Carrera 36 #54-33';NULL;NULL;'Administrador de local';'Persona natural';
'nuku12@yahoo.com';'Angélica Bravo Torres';'C.C. 328998075';'6K4glTrJVUR';'Bucaramanga';'Santander';'Colombiano';NULL;164;'4708224';'Administrador de local';'Persona natural';
'nu43@uniandes.edu.co';'Hotel 841';'NIT 15545805';'JSr0le4q0Ih';'Barranquilla';'Atlántico';'Colombiano';'Carrera 23 #4-14';378;'5093123';'Comprador mayorista';'Empresa';
'kevu17@gmail.com';'Hotel 243';'NIT 849391845';'1rP8wh1WIq';'Bogotá';'Cundinamarca';'Colombiano';'Calle 44 #42-46';943;NULL;'Comprador mayorista';'Empresa';
'hexo12@yahoo.com';'Fabio Javier Salamanca Jiménez';'C.C. 994235252';'nnhEOq3EA6Fu';'Bucaramanga';'Santander';'Colombiano';NULL;NULL;NULL;'Proveedor';'Persona natural';
'lu59@uniandes.edu.co';'Matilde Cármen Villalba Rivero';'C.C. 957713203';'YS0lReEybUpd';'Bogotá';'Cundinamarca';'Colombiano';'Carrera 96 #33-04';NULL;'7946189';'Proveedor';'Persona natural';
'peme19@hotmail.com';'Restaurante 995';'NIT 349634212';'mJa2vUOp';'Bucaramanga';'Santander';'Colombiano';'Carrera 80 #58-80';852;'3435293';'Comprador mayorista';'Empresa';
'lodi27@hotmail.com';'Leonardo Camilo Rojas Ramírez';'C.C. 667923381';'1H63SjTS';'Barranquilla';'Atlántico';'Colombiano';'Carrera 59 #64-24';407;'7742822';'Proveedor';'Persona natural';
'pini67@hotmail.com';'Hotel 527';'NIT 814399592';'tTsEUkjT';'Cali';'Valle del Cauca';'Colombiano';NULL;935;NULL;'Comprador mayorista';'Empresa';
'soxo3@gmail.com';'Gabriel Jimmy Bravo Martínez';'C.C. 601310593';'jUHqPxnfdOa';'Medellín';'Antioquia';'Colombiano';'Carrera 94 #4-44';73;NULL;'Proveedor';'Persona natural';
'huqi23@gmail.com';'Enrique Ponce Medina';'C.C. 339243307';'kSpmaGTLz';NULL;NULL;NULL;'Carrera 79 #35-28';910;NULL;'Administrador de local';'Persona natural';
'ku31@uniandes.edu.co';'Restaurante 961';'NIT 749117716';'GuAUIOS0';'Bogotá';'Cundinamarca';'Colombiano';'Carrera 72 #72-18';NULL;'6884027';'Comprador mayorista';'Empresa';
'fapa49@uniandes.edu.co';'Hotel 341';'NIT 987345852';'vLDXFqfHvCTb';NULL;NULL;NULL;'Calle 13 #80-65';989;'3576921';'Comprador mayorista';'Empresa';
'ke46@gmail.com';'Victoria Luisa Navarro Hernández';'C.C. 176843910';'Rscgufes';'Barranquilla';'Atlántico';'Colombiano';NULL;NULL;'3077794';'Proveedor';'Persona natural';
'qe47@hotmail.com';'Isabel Esperanza Ríos Rojas';'C.C. 529802287';'X1BnfdAo';'Bucaramanga';'Santander';'Colombiano';'Carrera 70 #56-61';NULL;NULL;'Administrador de local';'Persona natural';
'sopu71@gmail.com';'Gerardo Rodríguez Gutiérrez';'C.C. 246432032';'0Apds91LoAl';'Barranquilla';'Atlántico';'Colombiano';'Calle 85 #77-45';107;'5876926';'Proveedor';'Persona natural';
'buza67@gmail.com';'Hotel 536';'NIT 670331588';'BA2C8YKxYkh9';'Medellín';'Antioquia';'Colombiano';'Calle 76 #42-94';747;'7562521';'Comprador mayorista';'Empresa';
'la91@yahoo.com';'Restaurante 459';'NIT 849119651';'jzvIpxhqhs7';'Bucaramanga';'Santander';'Colombiano';'Calle 77 #50-71';274;'4320714';'Comprador mayorista';'Empresa';
'se30@hotmail.com';'Alonso Pedro Romero Méndez';'C.C. 207783849';'Nre2CANcu';'Barranquilla';'Atlántico';'Colombiano';'Calle 14 #24-27';NULL;'2992740';'Administrador de local';'Persona natural';
'do2@gmail.com';'Lilia Graciela Escobar Cáceres';'C.C. 620792923';'YJSjnYp6AZ6';'Bucaramanga';'Santander';'Colombiano';NULL;862;NULL;'Administrador de local';'Persona natural';
'ga61@hotmail.com';'Víctor Hugo Chávez Romero';'C.C. 737472244';'Vd5Wgc18Ls';'Medellín';'Antioquia';'Colombiano';NULL;NULL;'6260502';'Administrador de local';'Persona natural';
'tuno67@gmail.com';'Restaurante 817';'NIT 245961355';'9JHxw1qDw';NULL;NULL;NULL;'Calle 5 #31-58';391;'3074039';'Comprador mayorista';'Empresa';
'ku51@uniandes.edu.co';'Mario Camilo Leiva Rojas';'C.C. 221137637';'oXztHzzRD';'Cali';'Valle del Cauca';'Colombiano';NULL;282;'2720359';'Administrador de local';'Persona natural';
'nobe91@yahoo.com';'Francisco Cáceres Arce';'C.C. 268097400';'TjXHaieleNb';'Bucaramanga';'Santander';'Colombiano';'Calle 20 #67-57';NULL;'6095500';'Proveedor';'Persona natural';
'vazo63@uniandes.edu.co';'Roberto Joaquín García Moreno';'C.C. 283098256';'S12IbrH1e6';'Cali';'Valle del Cauca';'Colombiano';NULL;723;'7304573';'Administrador de local';'Persona natural';
'le82@hotmail.com';'Mario Walter Muñoz García';'C.C. 188348535';'Bpb44O8L10';'Bucaramanga';'Santander';'Colombiano';'Calle 4 #3-63';794;'6905626';'Administrador de local';'Persona natural';
'za91@hotmail.com';'Supermercado 495';'NIT 395574714';'HtgXZ9BFCn';'Barranquilla';'Atlántico';'Colombiano';NULL;NULL;NULL;'Comprador mayorista';'Empresa';
'ne45@yahoo.com';'Pilar Tatiana Maldonado Acosta';'C.C. 73499746';'z9RM1raC';'Cali';'Valle del Cauca';'Colombiano';NULL;198;NULL;'Proveedor';'Persona natural';
'mo65@hotmail.com';'Restaurante 849';'NIT 187062818';'hlaWLUUxl';'Cali';'Valle del Cauca';'Colombiano';'Carrera 54 #62-89';NULL;'3863511';'Comprador mayorista';'Empresa';
'juqi93@yahoo.com';'Restaurante 718';'NIT 695709802';'U4yE9kyeJ3Tq';'Barranquilla';'Atlántico';'Colombiano';NULL;NULL;'7762555';'Comprador mayorista';'Empresa';
'ridu12@gmail.com';'Supermercado 816';'NIT 734672173';'UXNeWK8IEdd';NULL;NULL;NULL;NULL;215;'7125606';'Comprador mayorista';'Empresa';
'yixe21@yahoo.com';'Eliana Tatiana López Castillo';'C.C. 797663865';'kfwekkM2Rq2W';'Bogotá';'Cundinamarca';'Colombiano';'Carrera 65 #75-82';NULL;'7004335';'Administrador de local';'Persona natural';
'qaco88@gmail.com';'Raquel Vanesa Navarro García';'C.C. 456655618';'5u1lJD3y';NULL;NULL;NULL;NULL;319;NULL;'Proveedor';'Persona natural';
'cugu88@gmail.com';'Hotel 755';'NIT 843515020';'S9LmQAVJZ8Rx';'Bogotá';'Cundinamarca';'Colombiano';NULL;NULL;'5248220';'Comprador mayorista';'Empresa';
'ceti18@hotmail.com';'Miguel Vega Torres';'C.C. 841375211';'qM30WPoIV0n';'Medellín';'Antioquia';'Colombiano';'Carrera 66 #75-66';343;NULL;'Proveedor';'Persona natural';
'fazo8@yahoo.com';'Helena Ángela Martínez Navarro';'C.C. 370731124';'Ull1qhUlhn8';NULL;NULL;NULL;'Carrera 5 #97-57';3;'4210759';'Administrador de local';'Persona natural';
'tayu63@gmail.com';'Mauricio Víctor Cáceres Méndez';'C.C. 764844002';'28sGU9FwQCu';'Barranquilla';'Atlántico';'Colombiano';NULL;885;NULL;'Proveedor';'Persona natural';
'guwa51@hotmail.com';'Sara Gabriela Vera Benítez';'C.C. 37398932';'9iNdpLmmMku';'Bogotá';'Cundinamarca';'Colombiano';'Calle 10 #54-81';994;'4985024';'Proveedor';'Persona natural';
'weqo42@gmail.com';'Elvira Blanca Domínguez Herrera';'C.C. 801839857';'7Pc4Ob7XfOvx';'Barranquilla';'Atlántico';'Colombiano';'Calle 11 #66-59';796;'7343922';'Proveedor';'Persona natural';
'daco57@hotmail.com';'Restaurante 906';'NIT 895398405';'YDFibGXKA4Ja';'Bogotá';'Cundinamarca';'Colombiano';NULL;163;'6039386';'Comprador mayorista';'Empresa';
'sefi96@uniandes.edu.co';'Lina López Suárez';'C.C. 247570665';'pnKCXb9c';'Barranquilla';'Atlántico';'Colombiano';'Calle 3 #62-75';335;'4861888';'Administrador de local';'Persona natural';
'na80@gmail.com';'Viviana Maldonado Correa';'C.C. 916716255';'eoKOz3liD';NULL;NULL;NULL;'Calle 56 #11-73';315;NULL;'Proveedor';'Persona natural';
'nu59@gmail.com';'Patricia Eva Benítez Aguirre';'C.C. 593398387';'Y59Ny1nUO';'Medellín';'Antioquia';'Colombiano';'Carrera 45 #24-11';260;NULL;'Administrador de local';'Persona natural';
'peqe75@gmail.com';'Marta Medina Mendoza';'C.C. 285979009';'NZqpwI8Zcsj7';NULL;NULL;NULL;'Calle 99 #40-29';92;'2426004';'Proveedor';'Persona natural';
'hago6@uniandes.edu.co';'Restaurante 941';'NIT 446063669';'rqN97gvx';'Bogotá';'Cundinamarca';'Colombiano';'Calle 25 #32-61';913;NULL;'Comprador mayorista';'Empresa';
'dimi33@gmail.com';'Hotel 737';'NIT 303848939';'CjyHRq0rmRy';'Medellín';'Antioquia';'Colombiano';'Carrera 77 #30-12';424;NULL;'Comprador mayorista';'Empresa';
'xuze3@yahoo.com';'Laura Verónica Vega Vargas';'C.C. 297094012';'TUtXmKST';'Medellín';'Antioquia';'Colombiano';NULL;566;'2277903';'Proveedor';'Persona natural';
'tuwo3@hotmail.com';'Hotel 583';'NIT 155731994';'DFiESeD7H8';NULL;NULL;NULL;'Calle 8 #86-25';NULL;'2586354';'Comprador mayorista';'Empresa';
'nifo46@uniandes.edu.co';'Supermercado 147';'NIT 95793973';'CZ1rJO6H';NULL;NULL;NULL;NULL;448;NULL;'Comprador mayorista';'Empresa';
'du32@hotmail.com';'Lorena Mónica Rojas Acosta';'C.C. 776589278';'LbDPJFmq9p6M';'Bogotá';'Cundinamarca';'Colombiano';'Calle 59 #88-99';NULL;NULL;'Proveedor';'Persona natural';
'ra4@gmail.com';'Hotel 465';'NIT 698365228';'zElM6FhWEU';'Bucaramanga';'Santander';'Colombiano';'Calle 53 #90-08';521;'7105594';'Comprador mayorista';'Empresa';
'ledi49@gmail.com';'Restaurante 602';'NIT 969780319';'65ZgIMvhOE';'Bucaramanga';'Santander';'Colombiano';NULL;NULL;'4578547';'Comprador mayorista';'Empresa';
'li12@yahoo.com';'Milena Matilde Acuña Romero';'C.C. 409062529';'LywiJSWJhr3O';'Bogotá';'Cundinamarca';'Colombiano';'Carrera 73 #89-83';769;'7495038';'Proveedor';'Persona natural';
'ce47@uniandes.edu.co';'Natalia Navarro Valdéz';'C.C. 817552140';'Fu454VGIiYo';'Cali';'Valle del Cauca';'Colombiano';'Calle 77 #35-92';79;NULL;'Proveedor';'Persona natural';
'fili55@yahoo.com';'Carolina Lina Mendoza Páez';'C.C. 775939443';'QRUnIuSy89';'Bucaramanga';'Santander';'Colombiano';'Calle 58 #17-32';NULL;NULL;'Administrador de local';'Persona natural';
'fali22@gmail.com';'Mauricio Ernesto Correa Ramírez';'C.C. 198312984';'iPkixPebP';'Bogotá';'Cundinamarca';'Colombiano';'Carrera 17 #46-35';NULL;NULL;'Administrador de local';'Persona natural';
'wa75@yahoo.com';'Daniela Marta Rivero Cardozo';'C.C. 405419468';'9c7H7g222bSr';'Bogotá';'Cundinamarca';'Colombiano';'Calle 6 #6-24';NULL;'2334193';'Administrador de local';'Persona natural';
'pa11@hotmail.com';'Supermercado 593';'NIT 981130776';'yMMh4bOiS';'Bogotá';'Cundinamarca';'Colombiano';'Carrera 46 #11-30';NULL;'5694077';'Comprador mayorista';'Empresa';
'taxu38@gmail.com';'Hotel 663';'NIT 492665042';'RvOEKOMUZT2';'Bucaramanga';'Santander';'Colombiano';NULL;NULL;NULL;'Comprador mayorista';'Empresa';
'co11@uniandes.edu.co';'Jenny Erica Medina Arce';'C.C. 242158836';'MtFCjNLKOS';'Bogotá';'Cundinamarca';'Colombiano';'Calle 39 #28-53';NULL;NULL;'Administrador de local';'Persona natural';
'wa60@gmail.com';'Beatriz Viviana Medina López';'C.C. 996007851';'l2yce8e9w';NULL;NULL;NULL;'Calle 57 #11-69';212;'3205858';'Administrador de local';'Persona natural';
'to8@yahoo.com';'Gonzalo Salamanca Quiroga';'C.C. 514418658';'8Uh8gNkQ';'Medellín';'Antioquia';'Colombiano';NULL;531;NULL;'Proveedor';'Persona natural';
'kido42@uniandes.edu.co';'Doris Mendoza Gómez';'C.C. 281389686';'ysojYedTAA';'Cali';'Valle del Cauca';'Colombiano';'Calle 9 #7-20';904;'6042866';'Proveedor';'Persona natural';
'bi73@uniandes.edu.co';'Restaurante 520';'NIT 550655363';'FxRYJMIzhG';'Bucaramanga';'Santander';'Colombiano';'Carrera 50 #23-08';708;'4392395';'Comprador mayorista';'Empresa';
'heqi29@hotmail.com';'Andrés Víctor Aguirre Vera';'C.C. 303595886';'tCyskpKf3M7';NULL;NULL;NULL;'Carrera 43 #82-76';NULL;NULL;'Administrador de local';'Persona natural';
'ru61@uniandes.edu.co';'Lina Cruz Valdéz';'C.C. 479066574';'wxILf8IM';'Cali';'Valle del Cauca';'Colombiano';NULL;904;NULL;'Proveedor';'Persona natural';
'jaqe80@uniandes.edu.co';'Jairo Efraín Mendoza Herrera';'C.C. 96771875';'Ahui5cjLP05';'Medellín';'Antioquia';'Colombiano';'Carrera 56 #26-99';NULL;NULL;'Proveedor';'Persona natural';
'suga36@uniandes.edu.co';'Soledad Elizabeth Toledo Núñez';'C.C. 893863753';'lml0moh1bJ9';'Cali';'Valle del Cauca';'Colombiano';'Calle 69 #28-91';NULL;'3759666';'Administrador de local';'Persona natural';
'ru11@hotmail.com';'Marcela Ofelia Ortiz Núñez';'C.C. 592004734';'yEZ08K6cn';NULL;NULL;NULL;NULL;NULL;'2597468';'Administrador de local';'Persona natural';
'ya89@yahoo.com';'Supermercado 411';'NIT 389406448';'aVQUIHjGtFJ';'Bogotá';'Cundinamarca';'Colombiano';'Carrera 24 #58-56';729;NULL;'Comprador mayorista';'Empresa';
'keta84@uniandes.edu.co';'Amanda Acosta Ríos';'C.C. 238618382';'QJNwiQbSt';NULL;NULL;NULL;'Carrera 29 #30-18';250;NULL;'Administrador de local';'Persona natural';
'paki19@yahoo.com';'Lina Ríos Bravo';'C.C. 350848722';'JOjdNdsv5V';'Bucaramanga';'Santander';'Colombiano';NULL;702;'4569228';'Proveedor';'Persona natural';
'meco47@hotmail.com';'Julieta Correa Rodríguez';'C.C. 807327684';'2OSPEWKke1S';NULL;NULL;NULL;'Carrera 99 #26-40';NULL;'3219801';'Administrador de local';'Persona natural';
'gici81@gmail.com';'Sonia Ángela Núñez Soto';'C.C. 43425248';'yxaAel28gegA';'Bogotá';'Cundinamarca';'Colombiano';'Carrera 81 #88-75';634;'6642862';'Administrador de local';'Persona natural';
'qedi8@yahoo.com';'Supermercado 224';'NIT 744349383';'5QgFZTo1';'Bucaramanga';'Santander';'Colombiano';'Calle 25 #45-93';838;'4825427';'Comprador mayorista';'Empresa';
'fu41@hotmail.com';'Matilde María Flórez Gómez';'C.C. 453142926';'ViXYFrhmDW5';'Bucaramanga';'Santander';'Colombiano';'Calle 97 #69-45';699;'6002142';'Proveedor';'Persona natural';
'zufo3@hotmail.com';'Federico Sebastián Jiménez Toledo';'C.C. 321921539';'hN02VgaZKx';'Bucaramanga';'Santander';'Colombiano';NULL;505;'2449415';'Proveedor';'Persona natural';
'pavi78@uniandes.edu.co';'Marisol Marta Domínguez Valdéz';'C.C. 515270723';'xNPeX9VO';'Cali';'Valle del Cauca';'Colombiano';'Calle 4 #4-33';NULL;'3884773';'Proveedor';'Persona natural';
'su66@yahoo.com';'Hotel 313';'NIT 467411231';'70msJFVsmkdV';'Barranquilla';'Atlántico';'Colombiano';'Carrera 41 #49-09';NULL;'5940975';'Comprador mayorista';'Empresa';
'seqo49@uniandes.edu.co';'Álvaro Hernando Rojas Ávila';'C.C. 657114485';'zLpgPA9F';'Bucaramanga';'Santander';'Colombiano';'Carrera 21 #60-49';NULL;'6447747';'Proveedor';'Persona natural';
'lu59@gmail.com';'Supermercado 342';'NIT 123794548';'eJemj47j';'Barranquilla';'Atlántico';'Colombiano';'Carrera 52 #6-60';646;'2344377';'Comprador mayorista';'Empresa';
'bowi1@yahoo.com';'Jorge Horacio Quiroga García';'C.C. 619413153';'YGzKvonQQPcU';NULL;NULL;NULL;'Carrera 10 #42-27';302;'6221268';'Administrador de local';'Persona natural';
'zige72@hotmail.com';'Restaurante 61';'NIT 863676264';'qS2qbDax1eIw';'Bucaramanga';'Santander';'Colombiano';NULL;155;NULL;'Comprador mayorista';'Empresa';
'yi85@uniandes.edu.co';'Sandra Victoria Valdéz Cáceres';'C.C. 885120630';'0yNpBOQBxn';'Barranquilla';'Atlántico';'Colombiano';'Carrera 70 #69-73';NULL;NULL;'Proveedor';'Persona natural';
'ki46@yahoo.com';'Supermercado 915';'NIT 55325619';'IXZ6u6yYGlz';'Bogotá';'Cundinamarca';'Colombiano';'Carrera 80 #12-32';967;'7047603';'Comprador mayorista';'Empresa';
'naja94@yahoo.com';'Hotel 761';'NIT 276528221';'FPdHZfOuVFX';'Bucaramanga';'Santander';'Colombiano';'Calle 40 #95-65';NULL;NULL;'Comprador mayorista';'Empresa';
'cuyu59@hotmail.com';'Benjamín Nelson Cáceres Méndez';'C.C. 968340401';'zqfQgFPxszkL';'Medellín';'Antioquia';'Colombiano';'Calle 29 #46-58';NULL;'5372604';'Administrador de local';'Persona natural';
'yidu85@hotmail.com';'Hotel 699';'NIT 811749875';'I8cWVl5S2AXR';'Bogotá';'Cundinamarca';'Colombiano';NULL;547;NULL;'Comprador mayorista';'Empresa';
'vigi73@hotmail.com';'Juliana Natalia Salamanca Romero';'C.C. 979430716';'bliovk6F';'Medellín';'Antioquia';'Colombiano';NULL;NULL;'5104494';'Administrador de local';'Persona natural';
'geqo14@gmail.com';'Restaurante 830';'NIT 998371357';'nLwWKtRmQ';NULL;NULL;NULL;NULL;NULL;'4095952';'Comprador mayorista';'Empresa';
'ya79@uniandes.edu.co';'Eduardo Néstor Morales García';'C.C. 497940123';'IGj4qynRHj';'Bogotá';'Cundinamarca';'Colombiano';'Carrera 5 #21-61';433;NULL;'Administrador de local';'Persona natural';
'qe27@yahoo.com';'Daniela Morales Leiva';'C.C. 486340256';'xnGLS6Zs4B';'Bucaramanga';'Santander';'Colombiano';'Calle 58 #1-49';160;'3264568';'Administrador de local';'Persona natural';
'bu86@yahoo.com';'María Díaz Cabrera';'C.C. 768550580';'CShFKe2ZVa';'Bogotá';'Cundinamarca';'Colombiano';'Calle 61 #42-93';305;'4898384';'Proveedor';'Persona natural';
'fo73@yahoo.com';'Restaurante 577';'NIT 843100768';'17ci4Wwgk';'Barranquilla';'Atlántico';'Colombiano';NULL;669;'2649602';'Comprador mayorista';'Empresa';
'ki77@gmail.com';'Virgilio Sebastián Pérez Rivero';'C.C. 725923593';'VElkkCL3DH';'Cali';'Valle del Cauca';'Colombiano';'Carrera 34 #80-25';520;NULL;'Administrador de local';'Persona natural';
'mo36@gmail.com';'Josefina Lucía Escobar García';'C.C. 52512740';'Rp0GolY5';'Medellín';'Antioquia';'Colombiano';'Carrera 26 #15-23';NULL;'2504168';'Proveedor';'Persona natural';
'gaso79@gmail.com';'Natalia Manuela Suárez Páez';'C.C. 409115804';'HNKUqbsKlf';'Bogotá';'Cundinamarca';'Colombiano';NULL;NULL;'6253666';'Administrador de local';'Persona natural';
'xo71@uniandes.edu.co';'Vicente Samuel Herrera López';'C.C. 169896363';'mBwPMmjgy';'Barranquilla';'Atlántico';'Colombiano';'Carrera 62 #5-36';652;'6641725';'Administrador de local';'Persona natural';
'pese65@gmail.com';'Supermercado 474';'NIT 324956011';'nJnR737mDp';'Bogotá';'Cundinamarca';'Colombiano';'Calle 5 #62-62';810;'6390418';'Comprador mayorista';'Empresa';
'dipa75@yahoo.com';'David Agustín Arias Herrera';'C.C. 944277810';'DJf03cwPFPi';'Cali';'Valle del Cauca';'Colombiano';NULL;870;NULL;'Administrador de local';'Persona natural';
'ge36@yahoo.com';'Restaurante 849';'NIT 220822652';'n5HZPVXv6Vi';'Bogotá';'Cundinamarca';'Colombiano';NULL;NULL;'3957640';'Comprador mayorista';'Empresa';
'lo35@uniandes.edu.co';'Paula Melisa Vera López';'C.C. 323094160';'87VUUj5L';'Barranquilla';'Atlántico';'Colombiano';'Carrera 96 #61-49';976;NULL;'Proveedor';'Persona natural';
'zi33@uniandes.edu.co';'Miguel Castillo Benítez';'C.C. 192378568';'SFBkkZdnF';NULL;NULL;NULL;NULL;NULL;'2110090';'Administrador de local';'Persona natural';
'sapu23@gmail.com';'Supermercado 170';'NIT 105474624';'HKJZT302pAU';NULL;NULL;NULL;'Calle 16 #88-40';NULL;'6544753';'Comprador mayorista';'Empresa';
'tu39@yahoo.com';'Josefina Teresa Rivero Martínez';'C.C. 787267342';'83TYY1GHZSq9';'Bogotá';'Cundinamarca';'Colombiano';'Calle 39 #2-77';771;'6387917';'Proveedor';'Persona natural';
