COD_USUARIO;COD_TIPO_PRODUCTO;CALIFICACION;
'bi18@yahoo.com';3;0.0;
'nese28@uniandes.edu.co';1;NULL;
'ko62@hotmail.com';2;3.9;
'fo67@yahoo.com';3;5.0;
'juzo69@yahoo.com';2;NULL;
'vima99@yahoo.com';3;NULL;
'xe60@hotmail.com';1;NULL;
'rola90@uniandes.edu.co';1;3.0;
'go36@gmail.com';1;2.1;
'xa62@uniandes.edu.co';3;4.9;
're16@uniandes.edu.co';2;1.7;
'bilu91@gmail.com';2;0.4;
'xiju86@hotmail.com';1;3.3;
'vi15@gmail.com';2;NULL;
'qe95@uniandes.edu.co';1;NULL;
'vu53@hotmail.com';1;NULL;
'le97@uniandes.edu.co';2;NULL;
'to91@gmail.com';2;3.7;
'roha13@uniandes.edu.co';1;NULL;
'pixu63@uniandes.edu.co';2;1.4;
'vomu47@yahoo.com';1;1.1;
'lu70@gmail.com';2;NULL;
'xuya77@hotmail.com';2;1.7;
'vazi20@hotmail.com';2;2.3;
'joca23@hotmail.com';1;3.9;
'ya84@uniandes.edu.co';2;1.9;
'dixu22@yahoo.com';3;2.2;
'pa82@uniandes.edu.co';2;3.1;
'rofi34@gmail.com';3;NULL;
'po62@yahoo.com';1;2.2;
'leju18@hotmail.com';1;3.2;
'ti55@uniandes.edu.co';3;NULL;
'hexo12@yahoo.com';2;NULL;
'lu59@uniandes.edu.co';1;NULL;
'lodi27@hotmail.com';1;3.9;
'soxo3@gmail.com';2;NULL;
'ke46@gmail.com';1;2.1;
'sopu71@gmail.com';2;NULL;
'nobe91@yahoo.com';2;NULL;
'ne45@yahoo.com';1;3.3;
'qaco88@gmail.com';2;NULL;
'ceti18@hotmail.com';3;0.1;
'tayu63@gmail.com';1;1.0;
'guwa51@hotmail.com';2;3.2;
'weqo42@gmail.com';3;NULL;
'na80@gmail.com';3;NULL;
'peqe75@gmail.com';1;NULL;
'xuze3@yahoo.com';2;1.5;
'du32@hotmail.com';1;NULL;
'li12@yahoo.com';2;NULL;
'ce47@uniandes.edu.co';1;2.4;
'to8@yahoo.com';3;2.1;
'kido42@uniandes.edu.co';3;1.9;
'ru61@uniandes.edu.co';3;NULL;
'jaqe80@uniandes.edu.co';1;2.8;
'paki19@yahoo.com';1;NULL;
'fu41@hotmail.com';3;1.9;
'zufo3@hotmail.com';1;3.4;
'pavi78@uniandes.edu.co';1;2.6;
'seqo49@uniandes.edu.co';2;3.6;
'yi85@uniandes.edu.co';1;2.5;
'bu86@yahoo.com';3;4.9;
'mo36@gmail.com';3;4.1;
'lo35@uniandes.edu.co';2;4.3;
'tu39@yahoo.com';2;0.8;
'jo58@yahoo.com';3;0.0;
'to52@gmail.com';2;3.9;
'cipe51@uniandes.edu.co';3;1.1;
'te99@hotmail.com';3;NULL;
'mugu51@yahoo.com';3;0.3;
'cava5@uniandes.edu.co';2;NULL;
'mu79@yahoo.com';2;2.4;
'ha92@hotmail.com';3;4.3;
'li91@hotmail.com';1;NULL;
'ne89@gmail.com';3;5.0;
'xa73@gmail.com';3;NULL;
'wuco79@uniandes.edu.co';2;NULL;
'nazi42@yahoo.com';2;NULL;
'sumo31@yahoo.com';2;NULL;
'coye46@hotmail.com';3;4.3;
'da58@uniandes.edu.co';1;0.5;
'kiyi82@hotmail.com';1;NULL;
'yagi45@uniandes.edu.co';2;4.9;
'loma69@uniandes.edu.co';3;2.8;
'du84@hotmail.com';1;NULL;
'vebu76@gmail.com';3;0.8;
'zadi37@gmail.com';3;3.4;
'pa5@hotmail.com';3;2.1;
'pize39@uniandes.edu.co';1;1.8;
'wu84@uniandes.edu.co';2;NULL;
'jaca2@uniandes.edu.co';2;NULL;
'tide69@gmail.com';1;1.6;
'budi37@hotmail.com';1;3.9;
'ne61@gmail.com';2;4.5;
'noka71@hotmail.com';2;NULL;
'yugi3@gmail.com';1;3.8;
'kono15@uniandes.edu.co';3;NULL;
'fe25@hotmail.com';3;0.3;
'yupe52@uniandes.edu.co';1;1.9;
'we61@uniandes.edu.co';2;2.3;
'juke37@hotmail.com';2;NULL;
'wi98@gmail.com';2;NULL;
'buje77@yahoo.com';1;4.2;
'lane30@gmail.com';3;NULL;
'zuyu64@yahoo.com';1;0.2;
'le55@uniandes.edu.co';3;2.9;
'we96@uniandes.edu.co';1;3.1;
'qe81@yahoo.com';3;4.1;
'me10@hotmail.com';3;2.3;
'cixu77@gmail.com';2;3.4;
'da16@hotmail.com';3;3.6;
'ro8@gmail.com';3;2.8;
'vame92@hotmail.com';3;0.6;
'tixu46@uniandes.edu.co';2;2.9;
'di6@uniandes.edu.co';2;2.1;
'fi88@gmail.com';1;NULL;
'cu80@gmail.com';1;NULL;
'zilo81@yahoo.com';2;NULL;
'xi93@yahoo.com';1;NULL;
'bopu87@uniandes.edu.co';3;1.0;
'moye88@uniandes.edu.co';1;NULL;
'qu38@hotmail.com';2;1.2;
'zexa57@hotmail.com';3;NULL;
'vajo37@uniandes.edu.co';3;1.6;
'qobu13@uniandes.edu.co';1;1.5;
'ne11@gmail.com';1;NULL;
'nalo12@hotmail.com';2;NULL;
'yi10@hotmail.com';1;NULL;
'fu8@uniandes.edu.co';2;NULL;
'ge96@uniandes.edu.co';1;0.3;
'xo39@gmail.com';2;NULL;
'fiya56@gmail.com';3;0.2;
'vedu72@uniandes.edu.co';3;2.6;
'ne51@gmail.com';2;1.4;
'ko84@hotmail.com';3;3.6;
'fo12@yahoo.com';3;2.8;
'qofi60@uniandes.edu.co';1;NULL;
'suge29@gmail.com';1;4.3;
'geja4@hotmail.com';2;4.6;
'yona54@hotmail.com';2;NULL;
'xe34@uniandes.edu.co';3;NULL;
'bumo59@uniandes.edu.co';1;1.3;
'yu28@hotmail.com';2;0.7;
'za47@gmail.com';2;NULL;
'fi10@yahoo.com';2;2.6;
'ku47@gmail.com';1;NULL;
'jasi97@uniandes.edu.co';1;NULL;
'geda25@uniandes.edu.co';2;2.1;
'nolu63@gmail.com';3;NULL;
'cu69@hotmail.com';1;1.4;
'lexi87@hotmail.com';2;2.4;
'wuxa42@gmail.com';3;3.5;
'lele65@yahoo.com';2;0.1;
'fe80@uniandes.edu.co';1;2.6;
'wo72@gmail.com';3;NULL;
'nuxa70@hotmail.com';3;NULL;
'qomu48@uniandes.edu.co';1;NULL;
'he5@gmail.com';2;0.8;
'zece30@gmail.com';2;3.5;
'muqa81@uniandes.edu.co';1;4.5;
'di39@uniandes.edu.co';2;0.2;
'ye8@uniandes.edu.co';3;1.0;
'vipe98@gmail.com';3;NULL;
'fori91@hotmail.com';1;2.6;
'jega47@uniandes.edu.co';3;1.0;
'jo40@gmail.com';3;NULL;
'hale83@gmail.com';1;NULL;
'zoha44@uniandes.edu.co';1;3.7;
're47@hotmail.com';1;NULL;
'veqe4@hotmail.com';2;1.3;
'yu10@yahoo.com';1;0.9;
'zi81@yahoo.com';1;NULL;
'da90@hotmail.com';3;4.0;
'yi55@yahoo.com';1;2.4;
'xo55@yahoo.com';1;2.1;
'te42@uniandes.edu.co';3;4.9;
'se99@hotmail.com';1;4.5;
'ya83@uniandes.edu.co';1;3.4;
'qe44@gmail.com';1;0.9;
're2@gmail.com';1;4.2;
'mu26@yahoo.com';3;NULL;
'ji71@hotmail.com';2;NULL;
'quci10@hotmail.com';3;NULL;
'wuya9@gmail.com';1;3.5;
'mege80@gmail.com';1;2.8;
'damo96@hotmail.com';1;4.3;
'bizu72@hotmail.com';1;NULL;
'le60@uniandes.edu.co';3;NULL;
'mo25@uniandes.edu.co';2;0.8;
'jo34@gmail.com';2;NULL;
'ju5@uniandes.edu.co';2;NULL;
'sa57@uniandes.edu.co';2;2.1;
'welo67@yahoo.com';1;NULL;
'be45@hotmail.com';2;NULL;
'bo13@uniandes.edu.co';1;1.2;
'kere85@gmail.com';2;2.3;
'bono67@uniandes.edu.co';2;4.7;
'yape22@uniandes.edu.co';2;4.1;
'ra10@yahoo.com';1;NULL;
'qemu29@yahoo.com';3;0.5;
'wo96@gmail.com';2;4.8;
'kiqo55@uniandes.edu.co';2;3.7;
'fu99@hotmail.com';1;1.9;
'pa40@yahoo.com';1;1.2;
'lacu88@yahoo.com';2;1.6;
'to75@gmail.com';2;4.3;
'lahu38@uniandes.edu.co';2;NULL;
'midu16@yahoo.com';2;2.3;
'me98@gmail.com';3;4.2;
'pe46@uniandes.edu.co';3;0.4;
'xi11@gmail.com';1;2.2;
'ce84@yahoo.com';1;NULL;
'fogo10@uniandes.edu.co';1;3.6;
'gi25@hotmail.com';3;NULL;
'yose32@yahoo.com';2;1.1;
'dupa89@gmail.com';1;NULL;
'cuqo71@hotmail.com';3;4.1;
'mi19@gmail.com';1;0.2;
'wive74@gmail.com';2;NULL;
'pu5@uniandes.edu.co';3;NULL;
'jeri3@gmail.com';1;NULL;
'ru48@yahoo.com';3;NULL;
'cu51@hotmail.com';3;NULL;
'ho46@yahoo.com';3;NULL;
'ke56@gmail.com';1;NULL;
'so12@yahoo.com';1;NULL;
'be7@yahoo.com';1;4.3;
'mika52@hotmail.com';3;NULL;
'po62@uniandes.edu.co';3;NULL;
'zime19@uniandes.edu.co';2;NULL;
'so95@uniandes.edu.co';1;3.2;
'loya14@uniandes.edu.co';2;NULL;
'ci34@gmail.com';1;4.7;
'ni79@gmail.com';3;4.0;
'xa57@yahoo.com';1;NULL;
'ki11@uniandes.edu.co';2;4.3;
'ji12@yahoo.com';1;NULL;
'mipu69@uniandes.edu.co';3;3.2;
'je65@uniandes.edu.co';2;2.6;
'du30@yahoo.com';2;3.1;
'hewa33@uniandes.edu.co';1;NULL;
'se6@yahoo.com';2;NULL;
'bi15@uniandes.edu.co';1;1.7;
'ro53@gmail.com';2;4.2;
'nubi33@uniandes.edu.co';3;2.0;
'xeca88@hotmail.com';1;0.1;
'la88@hotmail.com';1;1.6;
'cuke28@hotmail.com';2;4.1;
'desa2@uniandes.edu.co';2;NULL;
'qe46@gmail.com';1;NULL;
'ki67@gmail.com';1;NULL;
'geto19@yahoo.com';2;NULL;
'runa84@yahoo.com';3;4.8;
'we9@yahoo.com';1;NULL;
'guna61@gmail.com';3;4.5;
'za22@gmail.com';2;NULL;
'je37@gmail.com';3;4.8;
'fa94@yahoo.com';3;4.6;
'ye88@yahoo.com';2;3.8;
'qo20@gmail.com';3;3.0;
'pepi74@gmail.com';2;NULL;
'julu57@yahoo.com';1;3.3;
'sesi79@yahoo.com';2;NULL;
'do60@yahoo.com';2;NULL;
'beha91@uniandes.edu.co';3;NULL;
'ru63@gmail.com';1;NULL;
'yali72@yahoo.com';3;4.8;
'ba90@uniandes.edu.co';2;NULL;
'wecu1@gmail.com';3;4.7;
'ya88@gmail.com';2;3.3;
'yuso57@yahoo.com';3;NULL;
'ca40@uniandes.edu.co';1;NULL;
'yiru35@uniandes.edu.co';1;1.0;
'hoja83@yahoo.com';2;4.1;
'dehi88@hotmail.com';3;NULL;
'gu8@yahoo.com';3;NULL;
'pa63@yahoo.com';2;3.6;
'nila45@gmail.com';1;NULL;
'pu43@gmail.com';2;NULL;
'yuja34@yahoo.com';2;1.5;
'tu69@hotmail.com';1;3.6;
'togu94@uniandes.edu.co';3;NULL;
'da64@uniandes.edu.co';1;NULL;
'rani96@gmail.com';3;4.9;
'gi68@yahoo.com';3;0.7;
'yi28@gmail.com';2;0.9;
'fece46@hotmail.com';2;0.0;
'qara3@gmail.com';3;2.8;
'xo75@gmail.com';2;NULL;
'guxa82@uniandes.edu.co';3;4.4;
'fo64@hotmail.com';1;2.0;
'yezi15@gmail.com';1;4.6;
'qige4@uniandes.edu.co';3;NULL;
'ko52@uniandes.edu.co';1;NULL;
'wa22@hotmail.com';2;3.2;
'zaha49@uniandes.edu.co';1;NULL;
'ma37@hotmail.com';1;4.9;
'zece12@yahoo.com';2;NULL;
'xazu89@uniandes.edu.co';1;1.8;
'wa73@hotmail.com';2;0.2;
'wiqi59@hotmail.com';1;NULL;
'side93@uniandes.edu.co';3;0.6;
'yago98@hotmail.com';1;NULL;
'za70@yahoo.com';3;2.5;
'misi25@hotmail.com';3;3.4;
'ho52@yahoo.com';3;NULL;
'nadu10@yahoo.com';3;1.6;
'deqe23@gmail.com';2;4.7;
'qi79@hotmail.com';3;0.8;
'bu2@yahoo.com';3;NULL;
'bi64@uniandes.edu.co';3;4.4;
'tuge28@gmail.com';3;0.9;
'va21@hotmail.com';2;NULL;
'ce64@yahoo.com';3;4.7;
'foze18@uniandes.edu.co';2;3.3;
'ju12@yahoo.com';1;NULL;
'ma65@hotmail.com';3;NULL;
'sefe71@gmail.com';2;NULL;
'pi41@gmail.com';1;2.2;
'kegu5@gmail.com';2;0.8;
'mu31@gmail.com';3;3.0;
'tizo77@hotmail.com';2;2.8;
'de58@yahoo.com';3;0.1;
'huhe22@hotmail.com';2;NULL;
'xabi24@hotmail.com';1;0.4;
'kopo64@uniandes.edu.co';2;NULL;
'pu63@gmail.com';1;NULL;
'mi11@gmail.com';3;NULL;
'rewo43@uniandes.edu.co';2;0.8;
'ze72@yahoo.com';2;4.0;
'taya99@yahoo.com';2;NULL;
'qubi49@hotmail.com';3;NULL;
'bo18@hotmail.com';1;3.5;
'po37@gmail.com';3;NULL;
'buho58@yahoo.com';3;4.5;
'pifu97@yahoo.com';3;2.6;
'be46@hotmail.com';3;2.8;
'huwe24@hotmail.com';2;0.0;
'fexa27@gmail.com';1;NULL;
'cu63@uniandes.edu.co';1;NULL;
'sode96@yahoo.com';3;NULL;
'biya13@yahoo.com';3;2.6;
'va14@uniandes.edu.co';1;4.8;
'bu20@gmail.com';1;3.4;
'mako75@yahoo.com';1;NULL;
'guca6@uniandes.edu.co';1;NULL;
'ju48@yahoo.com';3;4.3;
'ze51@yahoo.com';1;4.8;
'mu82@hotmail.com';1;1.5;
'pima60@uniandes.edu.co';2;NULL;
'cu97@hotmail.com';1;3.2;
'xuve71@uniandes.edu.co';2;3.4;
'za81@gmail.com';3;NULL;
'ji23@uniandes.edu.co';2;4.1;
'guhu54@hotmail.com';2;NULL;
'le44@uniandes.edu.co';2;0.0;
'cibe68@uniandes.edu.co';3;0.0;
'suco37@gmail.com';3;1.0;
'nija12@gmail.com';2;0.2;
'ja17@gmail.com';1;2.8;
'povo44@hotmail.com';3;2.6;
'ju21@gmail.com';1;NULL;
'xo1@hotmail.com';3;NULL;
'di20@gmail.com';2;NULL;
'da18@yahoo.com';2;1.1;
'ru82@hotmail.com';3;1.9;
'xuma84@gmail.com';1;2.3;
'wa34@yahoo.com';3;4.1;
'cu3@gmail.com';3;0.4;
'go11@uniandes.edu.co';1;NULL;
'fo97@uniandes.edu.co';2;4.1;
'qipu12@gmail.com';1;4.9;
'huba36@hotmail.com';3;NULL;
'dexi88@hotmail.com';3;3.6;
'vixo94@gmail.com';3;0.8;
'de91@gmail.com';3;NULL;
'volo22@hotmail.com';3;5.0;
'la42@gmail.com';2;1.5;
're45@yahoo.com';1;1.4;
'cu79@hotmail.com';2;NULL;
'dagu11@uniandes.edu.co';3;NULL;
'fo19@yahoo.com';3;2.3;
'lowa30@gmail.com';2;3.5;
'za8@uniandes.edu.co';3;2.1;
'bije52@yahoo.com';3;0.8;
'nemi71@uniandes.edu.co';3;2.6;
'dili39@yahoo.com';2;3.4;
'gu10@hotmail.com';1;NULL;
'fijo61@gmail.com';2;5.0;
'zizi77@uniandes.edu.co';1;3.1;
'mojo76@uniandes.edu.co';2;3.5;
'hife20@hotmail.com';2;2.8;
'pa52@hotmail.com';2;NULL;
'wo27@uniandes.edu.co';2;3.7;
'ka21@gmail.com';1;1.9;
'widi98@yahoo.com';2;1.3;
'pu39@gmail.com';1;3.0;
'roti6@hotmail.com';2;4.8;
'ja75@gmail.com';1;0.2;
'luhe67@yahoo.com';3;NULL;
'da44@yahoo.com';1;4.7;
'qa97@yahoo.com';1;1.9;
'lofo84@uniandes.edu.co';1;3.9;
'nu15@uniandes.edu.co';2;NULL;
'quwu10@uniandes.edu.co';2;NULL;
'xo9@yahoo.com';1;NULL;
'ji90@uniandes.edu.co';1;4.4;
'lavu87@uniandes.edu.co';2;2.8;
'ro79@yahoo.com';1;3.5;
'kice50@hotmail.com';2;4.4;
'jobi20@gmail.com';3;0.2;
'weki15@hotmail.com';2;3.2;
'nefi42@uniandes.edu.co';3;0.7;
'coho24@yahoo.com';2;3.9;
'fehe47@uniandes.edu.co';3;NULL;
'ma95@gmail.com';1;5.0;
'zozo18@hotmail.com';2;3.4;
'po64@yahoo.com';2;1.5;
'zoto3@yahoo.com';1;4.3;
'dutu4@gmail.com';1;0.7;
'xa79@gmail.com';2;NULL;
'jo88@yahoo.com';2;1.7;
'duse43@hotmail.com';3;NULL;
'wi35@uniandes.edu.co';1;NULL;
'beqa11@hotmail.com';1;0.7;
'ki36@hotmail.com';2;NULL;
'naso19@yahoo.com';1;1.1;
'ne45@uniandes.edu.co';2;2.1;
'le39@uniandes.edu.co';3;NULL;
'wo12@yahoo.com';2;0.7;
'dove25@hotmail.com';3;3.2;
'feha8@hotmail.com';3;NULL;
'be2@yahoo.com';2;4.8;
'bi80@hotmail.com';3;4.2;
'dido12@yahoo.com';3;4.9;
'ge74@yahoo.com';2;1.2;
'maze17@uniandes.edu.co';3;1.6;
'tu44@uniandes.edu.co';1;3.0;
'di88@hotmail.com';2;1.2;
'pa75@uniandes.edu.co';1;NULL;
'no25@uniandes.edu.co';3;4.2;
'la58@gmail.com';2;4.4;
'cara50@uniandes.edu.co';1;NULL;
'le14@uniandes.edu.co';3;NULL;
'yaco45@hotmail.com';1;NULL;
'ne1@uniandes.edu.co';3;3.6;
'ko47@uniandes.edu.co';1;3.0;
'ja74@yahoo.com';1;4.4;
'nebu80@gmail.com';1;3.0;
'keha20@uniandes.edu.co';2;3.2;
'dawo4@yahoo.com';2;NULL;
'ge6@gmail.com';2;NULL;
'ru90@hotmail.com';1;3.6;
'nogo86@gmail.com';1;2.5;
'xa62@yahoo.com';3;2.7;
'ye86@gmail.com';2;NULL;
'ho76@hotmail.com';2;NULL;
'bu49@yahoo.com';2;1.6;
'ru37@yahoo.com';3;NULL;
'zuvo62@gmail.com';1;NULL;
'si97@uniandes.edu.co';1;4.5;
'nu39@uniandes.edu.co';1;4.3;
'bicu2@uniandes.edu.co';2;3.8;
'yo37@yahoo.com';1;NULL;
'rega66@uniandes.edu.co';1;3.1;
'base68@gmail.com';3;4.2;
'lu21@yahoo.com';2;1.9;
'ma32@hotmail.com';1;NULL;
'qi55@yahoo.com';3;3.4;
'luva89@hotmail.com';2;NULL;
'he41@uniandes.edu.co';2;1.6;
'pe43@hotmail.com';3;3.1;
'le81@hotmail.com';3;NULL;
'wika85@yahoo.com';3;NULL;
'ha94@yahoo.com';1;3.2;
'vahe77@uniandes.edu.co';3;NULL;
'cila87@hotmail.com';2;3.6;
'we7@yahoo.com';1;NULL;
'vopo87@gmail.com';2;2.7;
'teri38@uniandes.edu.co';1;2.4;
'hasa33@uniandes.edu.co';2;NULL;
'xo42@uniandes.edu.co';1;4.6;
'te47@gmail.com';3;NULL;
'zimi67@yahoo.com';3;0.6;
'ha31@yahoo.com';2;3.0;
'yumi76@uniandes.edu.co';3;NULL;
'cu72@uniandes.edu.co';2;NULL;
'si77@hotmail.com';3;4.2;
'ra93@hotmail.com';1;1.8;
'jo93@yahoo.com';2;0.4;
'gepi75@yahoo.com';2;NULL;
'tatu78@uniandes.edu.co';2;NULL;
'diso55@hotmail.com';3;NULL;
'gepo95@hotmail.com';2;NULL;
'ca29@hotmail.com';3;3.9;
'la52@yahoo.com';2;NULL;
'ta82@uniandes.edu.co';1;3.6;
'da2@yahoo.com';3;4.0;
'he76@gmail.com';2;1.5;
'pu30@yahoo.com';3;1.5;
'ze80@uniandes.edu.co';2;3.9;
'no60@gmail.com';2;NULL;
'qi25@yahoo.com';2;0.3;
'lo74@uniandes.edu.co';2;NULL;
'muwo20@hotmail.com';2;NULL;
'li66@gmail.com';2;NULL;
'ha8@gmail.com';2;0.5;
'pehi34@yahoo.com';1;0.6;
'toba59@hotmail.com';3;NULL;
'ro54@uniandes.edu.co';3;4.8;
'he43@gmail.com';1;0.5;
'buwo91@gmail.com';3;NULL;
'joce27@yahoo.com';1;NULL;
'ti77@hotmail.com';1;1.1;
'ji60@gmail.com';2;5.0;
'de41@gmail.com';3;2.3;
'je91@uniandes.edu.co';2;0.4;
'lu35@yahoo.com';1;NULL;
'naju54@hotmail.com';3;0.9;
'vi32@uniandes.edu.co';2;0.6;
'pisi20@hotmail.com';1;NULL;
'kule61@hotmail.com';2;NULL;
'le15@hotmail.com';3;3.7;
'xeti22@hotmail.com';2;NULL;
'fo69@uniandes.edu.co';1;NULL;
'legi72@yahoo.com';1;1.7;
'bu83@hotmail.com';1;4.9;
'joma58@gmail.com';3;NULL;
'kubi68@gmail.com';3;3.6;
'jicu34@uniandes.edu.co';3;1.2;
'nesa22@gmail.com';3;NULL;
'pe27@yahoo.com';2;0.9;
'mada85@hotmail.com';1;NULL;
'wowa37@gmail.com';2;NULL;
'ka99@hotmail.com';1;3.9;
'kidi99@hotmail.com';1;NULL;
'hibe59@hotmail.com';1;4.5;
'lise59@yahoo.com';3;NULL;
'yobu41@gmail.com';1;0.6;
'pi46@gmail.com';3;NULL;
'he97@uniandes.edu.co';1;3.7;
'vi95@hotmail.com';1;2.7;
'niho90@uniandes.edu.co';1;1.7;
'fu26@gmail.com';1;4.6;
'diki67@yahoo.com';3;4.6;
'xuke4@hotmail.com';3;NULL;
'we17@uniandes.edu.co';2;0.0;
'dese91@hotmail.com';2;NULL;
'lo65@gmail.com';2;NULL;
'wije11@yahoo.com';1;NULL;
'ra71@gmail.com';1;0.1;
'hibe49@hotmail.com';3;1.0;
'ni72@yahoo.com';2;2.8;
'mala37@gmail.com';3;NULL;
'tuge53@hotmail.com';2;2.6;
'gare89@uniandes.edu.co';1;4.2;
'xosi62@uniandes.edu.co';3;3.8;
'cava37@gmail.com';2;4.0;
'la61@hotmail.com';1;3.1;
'ne85@uniandes.edu.co';3;2.4;
'luqi10@uniandes.edu.co';1;3.2;
'ka4@yahoo.com';1;NULL;
'ka70@gmail.com';2;2.0;
'si36@uniandes.edu.co';3;1.0;
'ma71@uniandes.edu.co';2;2.3;
'rubi31@hotmail.com';1;1.4;
'nizi54@hotmail.com';1;2.4;
'be58@yahoo.com';2;NULL;
'buzu59@uniandes.edu.co';1;NULL;
'quxo70@hotmail.com';1;NULL;
'hoya98@gmail.com';2;1.0;
'xa22@yahoo.com';2;2.6;
'zave21@yahoo.com';3;2.6;
'ya23@hotmail.com';3;NULL;
'ha93@gmail.com';3;4.0;
'da33@uniandes.edu.co';1;0.2;
'su65@gmail.com';2;NULL;
'fiji27@yahoo.com';3;NULL;
'we87@uniandes.edu.co';3;NULL;
'deto13@gmail.com';3;NULL;
'ni82@gmail.com';1;1.9;
'ho77@gmail.com';3;NULL;
'pu88@yahoo.com';1;3.7;
'newu42@yahoo.com';1;0.3;
'ra78@gmail.com';3;3.2;
'vabu71@gmail.com';3;3.6;
'roya1@hotmail.com';2;NULL;
'coti77@hotmail.com';3;1.2;
'fa54@hotmail.com';1;3.2;
'nihu12@uniandes.edu.co';3;0.8;
'puco70@gmail.com';3;NULL;
'ku17@hotmail.com';2;0.2;
'bo76@gmail.com';3;NULL;
'jica34@gmail.com';3;2.1;
'sewi54@gmail.com';2;3.7;
'love59@hotmail.com';1;NULL;
'zohu4@hotmail.com';3;3.9;
'hofe67@yahoo.com';3;NULL;
'ma13@hotmail.com';3;1.8;
'ha96@gmail.com';3;NULL;
'qa3@hotmail.com';1;4.3;
'gilo74@uniandes.edu.co';2;2.6;
'pi86@hotmail.com';1;4.4;
'fe39@gmail.com';2;5.0;
'ro84@uniandes.edu.co';3;0.0;
'qeso87@hotmail.com';3;NULL;
'mu39@uniandes.edu.co';1;2.9;
'nohu78@uniandes.edu.co';3;NULL;
'xe94@yahoo.com';3;4.6;
'tovu91@hotmail.com';1;NULL;
'viji38@gmail.com';3;NULL;
'bu90@yahoo.com';3;1.1;
'qe43@yahoo.com';1;1.4;
'beve98@uniandes.edu.co';3;NULL;
'liju47@hotmail.com';2;NULL;
'zu78@gmail.com';3;4.7;
'zavu70@yahoo.com';2;NULL;
'mi57@uniandes.edu.co';1;0.9;
'qoyi53@hotmail.com';1;3.0;
'yo67@yahoo.com';2;4.1;
'bo79@uniandes.edu.co';2;1.7;
'wi77@yahoo.com';2;NULL;
'bi29@uniandes.edu.co';3;2.6;
'vasi76@uniandes.edu.co';2;NULL;
'pimo68@uniandes.edu.co';3;2.9;
'we10@hotmail.com';1;0.0;
'cogo46@hotmail.com';2;0.8;
'se53@yahoo.com';2;2.7;
'te74@uniandes.edu.co';3;4.8;
'tipo84@gmail.com';3;3.4;
'yoda43@hotmail.com';3;NULL;
'yu9@hotmail.com';1;2.3;
'ho91@hotmail.com';1;0.4;
'ji13@gmail.com';1;1.1;
'nuxo9@hotmail.com';2;4.3;
'nalu19@hotmail.com';2;3.5;
'fu95@hotmail.com';2;NULL;
'se1@yahoo.com';1;NULL;
'vuxe22@uniandes.edu.co';1;0.5;
'nu48@yahoo.com';2;NULL;
'ne13@yahoo.com';2;NULL;
'bega73@uniandes.edu.co';3;0.6;
'kexe46@hotmail.com';3;3.9;
'vufo79@gmail.com';3;2.8;
'xe51@yahoo.com';1;NULL;
'wune28@hotmail.com';3;1.0;
'be80@hotmail.com';1;4.5;
'ga53@uniandes.edu.co';1;2.8;
'ke29@yahoo.com';3;2.0;
'ku27@yahoo.com';1;NULL;
'lo21@uniandes.edu.co';2;2.4;
'joja3@yahoo.com';2;NULL;
'xake12@hotmail.com';2;NULL;
'xise91@yahoo.com';1;0.3;
'hu85@gmail.com';2;NULL;
'ye75@uniandes.edu.co';2;NULL;
'wi66@gmail.com';1;0.2;
'foso85@yahoo.com';1;NULL;
'xi45@yahoo.com';1;NULL;
'wa31@gmail.com';3;4.9;
'jizo3@uniandes.edu.co';1;2.6;
'he63@yahoo.com';2;4.8;
'hi19@uniandes.edu.co';2;NULL;
'dehu81@hotmail.com';3;2.8;
'govu1@yahoo.com';1;0.6;
'ko33@uniandes.edu.co';1;1.8;
'yu69@gmail.com';2;2.8;
'nege7@uniandes.edu.co';2;3.0;
'tayi37@uniandes.edu.co';2;NULL;
'qaje45@uniandes.edu.co';3;1.6;
'yiho63@yahoo.com';2;NULL;
'mori97@yahoo.com';3;2.3;
'zoki41@hotmail.com';2;NULL;
'copi32@uniandes.edu.co';2;3.5;
'zoda5@uniandes.edu.co';1;NULL;
'mena58@yahoo.com';3;NULL;
'da48@uniandes.edu.co';1;4.0;
'tame43@hotmail.com';3;NULL;
'bu25@hotmail.com';3;2.5;
'capi41@hotmail.com';2;2.5;
'ku86@yahoo.com';3;2.7;
'qi56@gmail.com';2;3.8;
'zape76@uniandes.edu.co';3;NULL;
'ruwu50@gmail.com';2;4.2;
'nu93@gmail.com';3;1.9;
'xe86@uniandes.edu.co';3;3.5;
'ce63@yahoo.com';3;NULL;
'lo49@yahoo.com';1;NULL;
'qili43@gmail.com';2;NULL;
'meba95@yahoo.com';2;1.7;
'sine76@gmail.com';3;2.9;
'vide96@hotmail.com';1;0.1;
'liyu94@gmail.com';2;0.6;
'cite92@uniandes.edu.co';1;1.5;
'toye1@hotmail.com';2;0.9;
'biwo26@uniandes.edu.co';1;4.7;
'xofa16@hotmail.com';1;2.2;
'tofa26@uniandes.edu.co';2;0.9;
'lida54@gmail.com';2;3.9;
'ko35@gmail.com';2;NULL;
'ca61@gmail.com';2;4.9;
'fi95@uniandes.edu.co';2;NULL;
'viki28@uniandes.edu.co';3;4.5;
'qa21@uniandes.edu.co';1;2.8;
'semi82@hotmail.com';2;NULL;
'ke38@hotmail.com';3;3.7;
'voro10@yahoo.com';1;NULL;
'pa85@uniandes.edu.co';3;1.2;
'xure77@gmail.com';3;1.9;
'si20@yahoo.com';2;2.9;
'xi27@gmail.com';2;2.0;
'co52@uniandes.edu.co';2;4.7;
'livi39@hotmail.com';2;NULL;
'mi1@yahoo.com';3;NULL;
'ha54@hotmail.com';1;1.1;
'paxu76@uniandes.edu.co';3;0.1;
'noju2@yahoo.com';3;1.6;
'nowo76@gmail.com';2;1.7;
'bize88@uniandes.edu.co';3;NULL;
'viwo54@uniandes.edu.co';3;2.3;
'ruhe3@gmail.com';2;NULL;
'hu12@uniandes.edu.co';3;2.1;
'zi58@yahoo.com';3;0.6;
'sa83@hotmail.com';2;NULL;
'xoki1@gmail.com';1;4.8;
'wo91@yahoo.com';2;1.5;
'baca71@uniandes.edu.co';2;0.6;
'fadi96@uniandes.edu.co';1;4.3;
'zuba18@hotmail.com';2;1.8;
'feye95@gmail.com';3;1.0;
'bu83@gmail.com';2;1.3;
'lu45@uniandes.edu.co';3;4.3;
'xedi64@yahoo.com';3;NULL;
'qi57@gmail.com';1;NULL;
'xi60@gmail.com';3;NULL;
'ke85@hotmail.com';1;NULL;
'qe74@yahoo.com';2;4.0;
'cege77@uniandes.edu.co';1;3.1;
'xu91@gmail.com';2;2.6;
'de31@hotmail.com';2;3.8;
'dexu44@uniandes.edu.co';3;2.7;
'dedu21@gmail.com';2;NULL;
'ko32@hotmail.com';3;NULL;
'sibu93@yahoo.com';3;NULL;
'tuqi56@hotmail.com';1;3.9;
'pi80@uniandes.edu.co';2;2.0;
'bave10@hotmail.com';2;NULL;
'le6@hotmail.com';1;0.4;
'mazo11@hotmail.com';1;2.1;
'pake50@uniandes.edu.co';3;1.8;
'bi26@uniandes.edu.co';2;3.7;
'qo52@uniandes.edu.co';1;2.4;
'wi89@gmail.com';2;1.5;
'ji86@yahoo.com';3;0.2;
'yabo47@uniandes.edu.co';2;2.4;
'ye49@gmail.com';2;2.7;
'wuqu44@hotmail.com';3;2.0;
'rojo26@yahoo.com';2;4.7;
'fa34@uniandes.edu.co';1;NULL;
'fu25@yahoo.com';3;NULL;
'xi42@uniandes.edu.co';1;4.3;
'tuwi80@yahoo.com';1;NULL;
'fo16@uniandes.edu.co';3;4.5;
'je97@uniandes.edu.co';1;0.7;
'hicu27@uniandes.edu.co';2;1.2;
'gaxu40@hotmail.com';1;NULL;
'soka51@gmail.com';2;NULL;
'tuvi25@yahoo.com';2;0.1;
'se69@yahoo.com';1;3.1;
'bico48@gmail.com';3;NULL;
'ko94@hotmail.com';1;4.0;
'yo77@gmail.com';3;NULL;
'nu2@uniandes.edu.co';1;NULL;
'go81@yahoo.com';2;NULL;
'liva84@hotmail.com';3;3.0;
'mofo72@hotmail.com';2;0.2;
'ta61@hotmail.com';3;NULL;
'ju92@uniandes.edu.co';2;3.9;
'giho97@gmail.com';2;0.5;
'xuru67@uniandes.edu.co';3;1.3;
'tu63@yahoo.com';1;0.4;
'ku41@yahoo.com';2;3.2;
'bowa82@uniandes.edu.co';1;3.2;
'hi84@hotmail.com';1;3.8;
'po83@hotmail.com';3;NULL;
'nixa20@hotmail.com';1;NULL;
'xe77@hotmail.com';2;NULL;
'qozo89@gmail.com';1;4.9;
'yoge43@gmail.com';1;4.3;
'gapa36@uniandes.edu.co';1;4.1;
'difo92@uniandes.edu.co';3;1.5;
'yato1@hotmail.com';1;4.0;
'qu24@gmail.com';1;1.8;
'hubi60@yahoo.com';3;NULL;
'wa46@hotmail.com';1;NULL;
'ba45@hotmail.com';1;1.2;
'zi33@hotmail.com';1;0.4;
'ku38@gmail.com';3;3.8;
'ha90@hotmail.com';1;0.7;
'bo26@yahoo.com';3;NULL;
'xise1@yahoo.com';2;3.1;
'gi4@gmail.com';2;2.1;
'cika76@yahoo.com';2;0.0;
'qo89@gmail.com';3;0.1;
'ra55@hotmail.com';1;2.2;
'yi63@hotmail.com';3;0.6;
'ha91@hotmail.com';3;2.1;
'ne46@hotmail.com';2;NULL;
'dicu19@uniandes.edu.co';1;NULL;
'wi59@yahoo.com';3;0.0;
'vivu95@gmail.com';2;1.2;
'fefo64@uniandes.edu.co';1;2.5;
'qa65@hotmail.com';2;0.7;
'xudu14@yahoo.com';2;2.4;
'qu38@yahoo.com';2;NULL;
'li37@gmail.com';1;NULL;
're87@yahoo.com';1;2.6;
'se36@hotmail.com';1;NULL;
'bi65@hotmail.com';1;NULL;
'luma77@gmail.com';1;NULL;
'xeti30@hotmail.com';3;NULL;
'mihe10@yahoo.com';2;1.4;
'viro50@yahoo.com';1;4.3;
'duko20@uniandes.edu.co';1;NULL;
'peja59@uniandes.edu.co';2;NULL;
'wego76@yahoo.com';2;NULL;
'tivu19@uniandes.edu.co';2;NULL;
'bege65@hotmail.com';3;1.2;
'zemu83@hotmail.com';1;3.5;
'hevi13@uniandes.edu.co';2;0.7;
'mo39@uniandes.edu.co';3;3.6;
'wiya9@hotmail.com';1;0.9;
'noni37@gmail.com';3;4.8;
'ko10@gmail.com';3;NULL;
'ni79@uniandes.edu.co';3;3.1;
'ne3@yahoo.com';1;4.4;
'su36@hotmail.com';2;3.4;
'cobu33@yahoo.com';3;4.4;
'xade53@gmail.com';2;0.6;
'ra15@gmail.com';2;NULL;
'lequ38@uniandes.edu.co';2;2.1;
'be14@uniandes.edu.co';1;NULL;
'weci58@uniandes.edu.co';3;3.2;
'za66@uniandes.edu.co';1;NULL;
'ragu22@hotmail.com';2;NULL;
'ciyu64@uniandes.edu.co';3;NULL;
'fize84@hotmail.com';2;0.4;
'fewa36@uniandes.edu.co';2;NULL;
'ki23@gmail.com';2;4.9;
'kisa46@yahoo.com';2;2.8;
'zo16@uniandes.edu.co';3;NULL;
'nu68@gmail.com';3;NULL;
'zo71@hotmail.com';1;NULL;
'cowi99@yahoo.com';2;3.3;
'vi13@uniandes.edu.co';3;NULL;
'coru43@gmail.com';3;1.4;
'riro46@uniandes.edu.co';1;NULL;
'zaxo26@gmail.com';1;NULL;
'yaku81@yahoo.com';2;1.5;
'ju26@gmail.com';2;NULL;
'ka7@uniandes.edu.co';2;2.7;
'la76@hotmail.com';1;NULL;
'papo66@yahoo.com';3;NULL;
'ne75@yahoo.com';1;1.1;
'sipu78@uniandes.edu.co';3;NULL;
'zefa18@hotmail.com';3;NULL;
'mu19@yahoo.com';1;4.8;
'pena72@hotmail.com';2;0.3;
'zunu42@hotmail.com';3;1.0;
'miru56@hotmail.com';1;NULL;
'yo26@gmail.com';2;NULL;
'ta15@yahoo.com';1;0.3;
'me30@uniandes.edu.co';2;0.1;
'nuko48@hotmail.com';2;2.2;
'xe5@gmail.com';2;3.7;
'licu26@gmail.com';1;NULL;
'kami82@uniandes.edu.co';1;NULL;
'nose1@gmail.com';3;3.1;
'xazi50@yahoo.com';1;1.5;
'rare60@yahoo.com';1;3.0;
'me75@uniandes.edu.co';1;2.5;
'toye18@yahoo.com';3;4.2;
'pu19@hotmail.com';3;NULL;
'cefi25@hotmail.com';2;NULL;
'vayo95@hotmail.com';3;NULL;
'ya91@uniandes.edu.co';1;NULL;
'bi96@uniandes.edu.co';3;3.8;
'hu40@uniandes.edu.co';1;2.4;
'xuqa83@hotmail.com';1;NULL;
'ti78@yahoo.com';3;NULL;
'ka7@hotmail.com';1;2.3;
'qolo12@yahoo.com';2;NULL;
'ru27@hotmail.com';1;NULL;
'vuba88@gmail.com';2;NULL;
'zotu65@hotmail.com';2;3.3;
'tomi45@gmail.com';1;NULL;
'qile53@yahoo.com';2;0.4;
'fade88@gmail.com';3;1.6;
'muqi17@uniandes.edu.co';1;0.5;
'fa76@yahoo.com';1;NULL;
'fatu55@uniandes.edu.co';3;NULL;
'pimu30@hotmail.com';2;NULL;
'sufa75@yahoo.com';1;4.9;
'qeva87@hotmail.com';2;1.8;
'bama61@hotmail.com';2;NULL;
'sixo15@gmail.com';2;1.9;
'qo76@gmail.com';3;NULL;
'nu42@uniandes.edu.co';3;3.0;
'pi60@yahoo.com';2;1.7;
'pe98@yahoo.com';2;1.0;
'gami75@yahoo.com';1;3.9;
'tu38@gmail.com';2;1.5;
'raja30@hotmail.com';3;1.9;
'nozo72@yahoo.com';2;4.0;
've14@hotmail.com';2;NULL;
'mene9@uniandes.edu.co';1;NULL;
'hi81@hotmail.com';2;NULL;
'riso85@uniandes.edu.co';1;1.2;
'puco13@yahoo.com';1;NULL;
'ji78@hotmail.com';2;3.7;
'xu51@gmail.com';1;NULL;
'je27@uniandes.edu.co';3;4.7;
'loho21@yahoo.com';2;3.6;
'zozo64@uniandes.edu.co';1;2.7;
'so32@hotmail.com';2;2.4;
'qoro65@hotmail.com';2;1.2;
'fa57@yahoo.com';2;NULL;
'siba67@gmail.com';1;0.8;
'fiji72@yahoo.com';1;NULL;
'poqa4@uniandes.edu.co';3;NULL;
'movi97@hotmail.com';1;3.6;
'du62@gmail.com';1;0.1;
'de41@uniandes.edu.co';1;1.6;
'jijo35@uniandes.edu.co';1;4.5;
'guya21@hotmail.com';2;0.2;
'coji26@hotmail.com';3;1.3;
'caso85@yahoo.com';3;1.5;
'jiye1@uniandes.edu.co';1;1.0;
'bace61@hotmail.com';1;4.3;
'luhi87@hotmail.com';1;3.5;
'he88@hotmail.com';3;NULL;
'nu53@yahoo.com';1;NULL;
'fo72@yahoo.com';1;NULL;
'yo20@yahoo.com';2;2.0;
'da45@yahoo.com';1;0.8;
'ki67@yahoo.com';3;2.5;
'mixe97@yahoo.com';3;1.3;
'do49@hotmail.com';1;2.3;
'be9@uniandes.edu.co';1;0.2;
'faqe35@hotmail.com';3;0.9;
'laji98@uniandes.edu.co';1;0.6;
'firu74@uniandes.edu.co';1;NULL;
'di67@gmail.com';3;4.2;
'ba47@hotmail.com';1;0.0;
'toxi73@uniandes.edu.co';2;2.0;
'nune2@uniandes.edu.co';2;0.6;
'teza88@uniandes.edu.co';3;NULL;
'vigi13@gmail.com';1;NULL;
'wo4@hotmail.com';1;1.2;
'ji49@uniandes.edu.co';3;NULL;
'jaka2@yahoo.com';2;1.2;
've89@hotmail.com';1;1.5;
'hito4@yahoo.com';2;0.7;
'dido65@hotmail.com';3;1.5;
'ju46@uniandes.edu.co';1;NULL;
'cetu39@hotmail.com';3;2.9;
'luko67@hotmail.com';3;0.8;
'naza99@uniandes.edu.co';2;NULL;
'wo11@yahoo.com';1;0.2;
'pa64@gmail.com';1;3.6;
'peju5@hotmail.com';1;NULL;
'sizo20@gmail.com';1;1.7;
'bapa73@gmail.com';1;NULL;
'ge42@gmail.com';2;0.4;
'yo61@yahoo.com';3;1.1;
'favu17@yahoo.com';1;1.6;
'vepa78@uniandes.edu.co';2;1.1;
'defo96@uniandes.edu.co';3;NULL;
'xo14@yahoo.com';1;NULL;
'pawu11@yahoo.com';2;0.2;
'hi52@gmail.com';2;1.1;
'ne88@hotmail.com';1;NULL;
'feqi76@uniandes.edu.co';3;2.8;
'na35@gmail.com';2;NULL;
'sede86@uniandes.edu.co';3;NULL;
'lo8@yahoo.com';2;0.8;
'ja74@uniandes.edu.co';2;NULL;
'li83@hotmail.com';3;5.0;
'bu32@uniandes.edu.co';1;NULL;
'jele38@hotmail.com';1;3.4;
'ye95@hotmail.com';3;3.0;
'muwo26@hotmail.com';3;4.4;
'vike81@gmail.com';2;NULL;
'husu2@hotmail.com';2;3.0;
'seci65@gmail.com';3;NULL;
'nopo46@uniandes.edu.co';1;NULL;
'piqa72@yahoo.com';3;NULL;
'xizu60@uniandes.edu.co';2;0.2;
'lufe88@uniandes.edu.co';1;4.8;
'zaba88@uniandes.edu.co';1;2.6;
'zo87@gmail.com';1;NULL;
'huja50@uniandes.edu.co';2;3.0;
'bixu23@yahoo.com';3;NULL;
'fu75@gmail.com';1;NULL;
'fipo4@gmail.com';1;4.6;
'lu85@uniandes.edu.co';1;NULL;
'piwu19@hotmail.com';3;1.7;
'ha13@uniandes.edu.co';2;2.9;
'te90@gmail.com';2;3.0;
'boho91@hotmail.com';1;NULL;
'zi77@gmail.com';3;NULL;
'mori51@gmail.com';2;4.1;
'wuhe48@yahoo.com';1;0.6;
'ko89@gmail.com';2;NULL;
'tada98@hotmail.com';1;NULL;
'veci3@gmail.com';3;0.2;
'gaja53@uniandes.edu.co';2;0.4;
'pihu6@gmail.com';2;2.8;
'hisa68@yahoo.com';1;NULL;
'xajo67@uniandes.edu.co';2;NULL;
'ka18@gmail.com';3;4.2;
'po17@uniandes.edu.co';3;2.3;
'tu20@yahoo.com';3;NULL;
'guma54@gmail.com';1;2.0;
'xu52@yahoo.com';3;3.8;
'li4@uniandes.edu.co';1;1.6;
'cu38@yahoo.com';3;NULL;
'qo56@uniandes.edu.co';1;1.2;
'to54@yahoo.com';1;4.7;
'zo32@yahoo.com';1;4.9;
'bo48@gmail.com';3;NULL;
'ji43@uniandes.edu.co';2;NULL;
'ka53@uniandes.edu.co';3;NULL;
'mu3@yahoo.com';3;0.1;
'co61@gmail.com';3;4.8;
'kime95@hotmail.com';3;NULL;
'fu35@hotmail.com';1;0.9;
'cixi58@uniandes.edu.co';2;4.8;
'qe88@uniandes.edu.co';1;0.4;
'yo26@uniandes.edu.co';3;2.5;
'wa47@uniandes.edu.co';3;NULL;
'ceni79@hotmail.com';2;3.6;
'xoje22@yahoo.com';1;1.3;
'xa51@uniandes.edu.co';2;4.3;
'wo18@uniandes.edu.co';1;0.5;
'yopo47@yahoo.com';1;1.5;
'nedo12@gmail.com';3;2.8;
'bu38@hotmail.com';1;NULL;
'ni96@yahoo.com';2;2.3;
'lo39@gmail.com';1;NULL;
'ma29@hotmail.com';3;4.0;
'fi98@gmail.com';2;NULL;
'hubi88@yahoo.com';2;NULL;
'jica7@gmail.com';1;NULL;
'wo81@uniandes.edu.co';3;NULL;
'koce38@uniandes.edu.co';3;NULL;
'qa31@uniandes.edu.co';1;3.6;
'ji15@uniandes.edu.co';1;NULL;
'go89@uniandes.edu.co';3;4.6;
'bu33@gmail.com';3;0.8;
'tuwo70@yahoo.com';2;4.6;
'sige34@yahoo.com';1;3.7;
'ho58@yahoo.com';2;0.7;
'do89@uniandes.edu.co';2;1.5;
'du92@gmail.com';1;4.8;
'va30@yahoo.com';1;NULL;
'gu23@gmail.com';2;1.0;
'nasu60@yahoo.com';3;NULL;
'da64@gmail.com';1;1.7;
'quqi56@gmail.com';2;NULL;
'petu16@gmail.com';3;NULL;
'su4@uniandes.edu.co';2;1.7;
'je91@gmail.com';2;2.3;
'josa60@hotmail.com';1;NULL;
'pade46@uniandes.edu.co';2;NULL;
'zagu74@gmail.com';3;4.1;
'fa89@hotmail.com';2;1.6;
'va58@uniandes.edu.co';2;1.5;
'homu25@yahoo.com';2;1.9;
'qi10@hotmail.com';2;NULL;
'lo94@uniandes.edu.co';3;1.9;
'muni52@hotmail.com';1;3.4;
'ri15@hotmail.com';3;4.2;
'xa91@hotmail.com';1;0.2;
'lama45@hotmail.com';1;2.7;
'zefa53@yahoo.com';2;3.1;
'te61@yahoo.com';1;1.8;
'kako45@yahoo.com';1;3.2;
'ro93@gmail.com';1;3.6;
'qu88@uniandes.edu.co';3;NULL;
've22@uniandes.edu.co';1;0.4;
'ye12@gmail.com';2;NULL;
'jaye38@uniandes.edu.co';3;NULL;
'kita85@uniandes.edu.co';3;2.7;
'jami39@hotmail.com';3;2.7;
'hu34@uniandes.edu.co';3;4.4;
'vazo10@uniandes.edu.co';1;2.3;
'le64@hotmail.com';1;4.9;
'pejo15@gmail.com';3;NULL;
'tu32@uniandes.edu.co';3;2.8;
'va85@yahoo.com';1;4.7;
'zuqu93@hotmail.com';1;NULL;
'wu88@yahoo.com';1;NULL;
'ye16@uniandes.edu.co';2;1.8;
'bi3@hotmail.com';3;2.0;
'so85@hotmail.com';3;1.7;
'poma52@uniandes.edu.co';1;NULL;
'to22@hotmail.com';3;3.2;
'yaku80@hotmail.com';3;0.4;
'cuka81@yahoo.com';2;NULL;
'di58@yahoo.com';3;NULL;
'jo28@yahoo.com';2;NULL;
'xove23@uniandes.edu.co';2;NULL;
're44@gmail.com';3;2.4;
'ca29@uniandes.edu.co';3;NULL;
'za23@gmail.com';1;NULL;
'kobi93@uniandes.edu.co';1;4.8;
'koda35@gmail.com';2;1.9;
'kevi8@gmail.com';3;4.7;
'je66@hotmail.com';1;4.7;
'zu97@gmail.com';3;NULL;
'xe68@uniandes.edu.co';3;4.6;
'bi30@yahoo.com';2;4.7;
'jase52@gmail.com';2;3.6;
'nu61@hotmail.com';3;4.7;
'gi39@yahoo.com';1;4.9;
'pu85@hotmail.com';3;3.8;
'zare20@yahoo.com';3;1.2;
'yeho69@uniandes.edu.co';2;3.3;
'yori44@gmail.com';1;0.3;
'yi71@gmail.com';3;3.8;
'zaca38@yahoo.com';3;0.7;
'mi91@hotmail.com';1;NULL;
'vafi31@yahoo.com';1;NULL;
'huni16@gmail.com';2;NULL;
'zopu94@uniandes.edu.co';2;NULL;
'wilo62@gmail.com';1;1.1;
'giqo95@yahoo.com';2;0.1;
'wumi55@uniandes.edu.co';3;NULL;
'dase37@yahoo.com';3;NULL;
'gige84@uniandes.edu.co';1;2.5;
'na20@yahoo.com';2;NULL;
'gato11@uniandes.edu.co';3;4.8;
'jako91@hotmail.com';3;NULL;
'zo11@hotmail.com';3;4.4;
'malo56@yahoo.com';1;NULL;
'xuwi76@yahoo.com';1;NULL;
'bi60@yahoo.com';2;4.8;
've41@uniandes.edu.co';3;1.0;
'va20@uniandes.edu.co';1;NULL;
'buli20@gmail.com';2;4.9;
'wo82@hotmail.com';2;0.9;
'kele29@gmail.com';2;0.4;
'fi40@uniandes.edu.co';1;5.0;
'hibe21@hotmail.com';3;3.6;
'tesu70@uniandes.edu.co';1;3.3;
'guwe31@yahoo.com';3;3.1;
'vu17@uniandes.edu.co';3;2.0;
'wa29@hotmail.com';3;NULL;
'ye57@uniandes.edu.co';3;NULL;
'bi61@uniandes.edu.co';2;NULL;
'me87@yahoo.com';1;3.4;
'caja90@uniandes.edu.co';1;NULL;
'sama67@hotmail.com';2;4.3;
'veqe71@gmail.com';2;NULL;
'keho62@yahoo.com';3;NULL;
're60@hotmail.com';2;NULL;
'ju86@gmail.com';1;4.8;
'wedu10@hotmail.com';1;3.3;
'le48@gmail.com';2;4.7;
'qa36@hotmail.com';3;NULL;
'zi83@gmail.com';3;5.0;
'he88@yahoo.com';2;NULL;
'peve49@yahoo.com';1;4.7;
'ru17@hotmail.com';3;NULL;
'jo77@hotmail.com';2;NULL;
'nedo55@hotmail.com';1;3.1;
'mo3@yahoo.com';2;1.3;
'qu97@yahoo.com';2;0.6;
'ca77@uniandes.edu.co';1;4.5;
'ja9@hotmail.com';1;4.0;
'bure78@hotmail.com';3;2.3;
'rexo7@gmail.com';2;1.7;
'ra24@uniandes.edu.co';3;NULL;
'tume31@yahoo.com';1;1.6;
'havu87@uniandes.edu.co';3;1.6;
'vo16@uniandes.edu.co';3;NULL;
'keda53@gmail.com';1;3.7;
'yo66@hotmail.com';2;4.7;
'ge77@hotmail.com';1;4.2;
'to37@uniandes.edu.co';2;NULL;
'cilo54@yahoo.com';1;NULL;
'de23@hotmail.com';1;NULL;
'wu79@hotmail.com';1;NULL;
'voda58@gmail.com';3;2.8;
'qi64@gmail.com';2;NULL;
'ji68@uniandes.edu.co';3;0.8;
'xi9@yahoo.com';3;3.9;
'ya80@uniandes.edu.co';1;NULL;
'cisa92@gmail.com';1;4.3;
'xiha39@yahoo.com';3;NULL;
'hiwo27@gmail.com';2;NULL;
'jijo54@gmail.com';2;4.6;
'ro41@yahoo.com';2;NULL;
'ha38@uniandes.edu.co';2;NULL;
'me74@hotmail.com';1;NULL;
'muzo61@hotmail.com';3;NULL;
'zi55@uniandes.edu.co';2;2.7;
'fa78@gmail.com';3;4.7;
'bido44@hotmail.com';3;NULL;
'wu99@uniandes.edu.co';2;NULL;
'rixe20@uniandes.edu.co';2;1.3;
'vi5@hotmail.com';1;1.4;
'ha10@uniandes.edu.co';1;1.9;
'hiro85@uniandes.edu.co';2;1.8;
'pa28@yahoo.com';3;NULL;
'mi6@gmail.com';1;4.0;
'sibe67@yahoo.com';3;NULL;
'no48@uniandes.edu.co';2;3.5;
'vu63@gmail.com';1;4.4;
'se42@yahoo.com';1;NULL;
'gaku42@yahoo.com';3;3.9;
'wa26@yahoo.com';3;2.3;
'qiyi64@yahoo.com';3;0.5;
'ku16@uniandes.edu.co';2;NULL;
'ki34@yahoo.com';2;4.6;
'sotu47@gmail.com';1;NULL;
'bu32@yahoo.com';2;NULL;
'bera70@hotmail.com';1;0.8;
'yo3@gmail.com';1;2.3;
'xu22@hotmail.com';1;NULL;
'ta75@gmail.com';1;0.9;
'yi12@hotmail.com';3;NULL;
'huse83@gmail.com';2;4.3;
'yoce30@gmail.com';2;3.5;
'zadu27@hotmail.com';1;1.3;
'nolu10@hotmail.com';1;NULL;
'puwe92@yahoo.com';1;1.5;
'mo9@yahoo.com';3;5.0;
'beka56@yahoo.com';1;4.3;
'ta48@yahoo.com';2;1.9;
'qu93@uniandes.edu.co';1;2.0;
'ju82@yahoo.com';1;4.7;
'buci74@uniandes.edu.co';2;3.5;
'ze55@hotmail.com';3;3.5;
'ma91@hotmail.com';1;3.0;
'hawe45@yahoo.com';1;0.5;
'xita32@gmail.com';3;3.7;
'me46@uniandes.edu.co';3;NULL;
'za27@yahoo.com';3;1.6;
'ze99@yahoo.com';3;3.3;
'wi27@uniandes.edu.co';2;1.3;
'pe76@uniandes.edu.co';3;NULL;
'fimu11@hotmail.com';2;2.6;
'caxi67@uniandes.edu.co';3;NULL;
'fihi87@yahoo.com';3;3.9;
'ra46@yahoo.com';1;NULL;
'fola89@uniandes.edu.co';3;5.0;
'ko21@gmail.com';2;NULL;
'yoyo45@yahoo.com';3;NULL;
'pa98@gmail.com';1;2.1;
'xo97@gmail.com';3;0.5;
'fefa89@uniandes.edu.co';1;NULL;
'wimo59@hotmail.com';3;0.3;
'ladi31@gmail.com';1;0.1;
'ri76@yahoo.com';3;NULL;
'kivo48@gmail.com';2;1.4;
'bi64@yahoo.com';2;NULL;
'zaxo41@uniandes.edu.co';3;4.3;
'wete38@uniandes.edu.co';1;NULL;
'cugu57@hotmail.com';2;NULL;
'refo79@yahoo.com';3;2.1;
'loku13@uniandes.edu.co';3;1.1;
'yi29@hotmail.com';3;NULL;
'ge82@uniandes.edu.co';3;0.5;
'ka86@uniandes.edu.co';3;1.3;
'me92@gmail.com';2;3.6;
'cati52@yahoo.com';2;3.9;
'cida82@yahoo.com';2;5.0;
'saco54@hotmail.com';3;NULL;
'kele1@hotmail.com';3;0.0;
'hu17@yahoo.com';2;0.1;
'va33@hotmail.com';2;0.9;
'goyo61@hotmail.com';2;NULL;
'le24@gmail.com';1;NULL;
'yoca38@hotmail.com';1;NULL;
'poko29@hotmail.com';1;3.1;
'wi54@yahoo.com';2;4.9;
'no94@hotmail.com';2;3.1;
'tica18@gmail.com';2;1.3;
'di25@hotmail.com';2;4.9;
'hu81@gmail.com';1;2.5;
'vali21@gmail.com';1;NULL;
'mixi81@hotmail.com';3;NULL;
'gi28@yahoo.com';1;0.1;
'gu56@yahoo.com';2;2.8;
'gi73@hotmail.com';1;0.2;
'xo78@gmail.com';1;NULL;
'civu92@hotmail.com';3;NULL;
'pufa22@gmail.com';2;3.2;
'ru52@uniandes.edu.co';2;0.3;
'vara97@uniandes.edu.co';2;1.2;
'lede16@uniandes.edu.co';2;0.2;
'libe96@hotmail.com';2;0.3;
'yoqo50@uniandes.edu.co';2;4.9;
'nosu82@hotmail.com';3;NULL;
'faqa58@gmail.com';1;0.1;
'za70@gmail.com';3;0.2;
'julu69@yahoo.com';2;0.2;
'bewa33@uniandes.edu.co';3;3.1;
'goyu34@gmail.com';3;1.9;
'ra10@uniandes.edu.co';2;2.8;
'tu64@uniandes.edu.co';2;NULL;
'vulo13@yahoo.com';3;1.6;
'go44@gmail.com';3;0.4;
'tuyu21@hotmail.com';2;4.7;
'ge48@yahoo.com';1;NULL;
'gika30@hotmail.com';1;4.2;
'wevi22@hotmail.com';2;3.5;
've56@gmail.com';2;0.7;
'gu68@yahoo.com';3;NULL;
'gi33@gmail.com';1;3.3;
'va28@yahoo.com';3;NULL;
'tisi53@uniandes.edu.co';2;1.3;
'kunu28@hotmail.com';3;2.4;
'fupe40@hotmail.com';1;2.0;
'duli39@hotmail.com';3;NULL;
'ku19@gmail.com';2;3.7;
'wa72@uniandes.edu.co';1;3.9;
'te61@hotmail.com';1;0.0;
'ce44@uniandes.edu.co';1;NULL;
'weyo39@yahoo.com';3;NULL;
'xoya65@yahoo.com';2;NULL;
'bi24@gmail.com';1;0.8;
'yana10@hotmail.com';3;4.3;
'tiqa50@yahoo.com';1;0.8;
'nu14@yahoo.com';2;3.8;
'goyo39@yahoo.com';1;NULL;
'hepa83@gmail.com';1;NULL;
'so70@hotmail.com';1;NULL;
'bi14@yahoo.com';3;4.2;
'puha81@yahoo.com';3;3.0;
'lo3@gmail.com';2;NULL;
'me89@yahoo.com';1;2.1;
'da88@uniandes.edu.co';3;NULL;
'yi26@uniandes.edu.co';1;3.0;
'wu80@gmail.com';3;NULL;
'tu52@hotmail.com';2;2.8;
'na14@hotmail.com';3;2.9;
'nawe40@yahoo.com';1;0.2;
'tepi49@gmail.com';2;NULL;
'rike13@uniandes.edu.co';1;1.6;
'yo4@yahoo.com';2;4.1;
'co19@uniandes.edu.co';1;3.4;
'tove31@yahoo.com';2;1.0;
'bi82@uniandes.edu.co';2;1.5;
'quvu12@yahoo.com';1;NULL;
'fu43@uniandes.edu.co';1;0.2;
'lo27@yahoo.com';3;3.5;
'fixe95@hotmail.com';3;1.3;
'wa32@uniandes.edu.co';3;1.2;
'neme78@yahoo.com';3;2.5;
'luge30@hotmail.com';2;NULL;
've89@uniandes.edu.co';2;3.4;
'yobe22@uniandes.edu.co';1;4.4;
'he66@gmail.com';1;0.5;
'co2@gmail.com';3;3.1;
'fo90@gmail.com';1;2.3;
'duzo74@yahoo.com';2;2.5;
'hu45@yahoo.com';3;1.5;
'qu74@yahoo.com';2;NULL;
'ro83@yahoo.com';1;NULL;
'goxa93@yahoo.com';2;NULL;
'vire98@uniandes.edu.co';2;NULL;
'si99@uniandes.edu.co';1;3.1;
'yevu34@hotmail.com';2;2.7;
'qe21@gmail.com';3;NULL;
'cu91@gmail.com';2;2.1;
'wu97@yahoo.com';3;NULL;
'sa51@hotmail.com';2;1.3;
'ka96@gmail.com';1;NULL;
'yudi18@yahoo.com';1;NULL;
'be65@gmail.com';3;NULL;
'hoho98@gmail.com';3;1.3;
'fomu21@gmail.com';3;NULL;
'bizo84@gmail.com';3;2.5;
'mo98@uniandes.edu.co';2;2.1;
'zupu28@yahoo.com';3;NULL;
'yifo50@gmail.com';1;NULL;
'gi47@uniandes.edu.co';2;0.0;
'yuke54@uniandes.edu.co';2;4.4;
'yuwe26@gmail.com';2;0.8;
'ko77@uniandes.edu.co';3;4.6;
'ye79@gmail.com';1;4.0;
'gu70@yahoo.com';1;NULL;
'waca61@gmail.com';2;0.3;
'loqu87@gmail.com';1;0.4;
'tugo87@gmail.com';3;NULL;
'mowo43@hotmail.com';3;0.5;
'duxa12@uniandes.edu.co';2;4.6;
'kega84@hotmail.com';3;0.8;
'kiya13@uniandes.edu.co';1;3.6;
'luce92@yahoo.com';3;1.5;
'cese63@yahoo.com';2;1.0;
'nufa47@uniandes.edu.co';2;NULL;
'qu40@yahoo.com';3;0.8;
'nu94@gmail.com';1;NULL;
'mete39@uniandes.edu.co';3;3.3;
'luce43@gmail.com';2;4.4;
'povo41@uniandes.edu.co';2;2.8;
'ga24@uniandes.edu.co';2;0.4;
'se25@uniandes.edu.co';1;NULL;
'duda11@gmail.com';1;NULL;
'woke4@yahoo.com';3;4.4;
'hemu3@yahoo.com';3;2.3;
'fuxu44@yahoo.com';2;4.9;
'cowu5@gmail.com';3;3.8;
'fira57@hotmail.com';3;NULL;
'voda38@uniandes.edu.co';1;3.7;
'ruke45@gmail.com';3;NULL;
'wiwe33@gmail.com';2;NULL;
'moso52@yahoo.com';1;3.2;
'no86@yahoo.com';1;5.0;
'zaka37@uniandes.edu.co';3;3.5;
'wuya20@uniandes.edu.co';1;1.7;
'beti19@uniandes.edu.co';1;0.8;
'bi2@gmail.com';3;NULL;
'ciyu92@hotmail.com';2;0.7;
'nifo16@gmail.com';3;4.6;
'so99@hotmail.com';2;0.3;
'nuci14@hotmail.com';3;3.3;
'silu61@yahoo.com';3;3.8;
'peyi31@uniandes.edu.co';1;4.2;
'yo17@hotmail.com';3;4.4;
'ni6@hotmail.com';2;NULL;
'bo6@hotmail.com';1;2.1;
'ne63@uniandes.edu.co';3;NULL;
'qome58@hotmail.com';1;NULL;
'vizu98@uniandes.edu.co';1;0.4;
'zesi4@gmail.com';3;NULL;
'moho91@yahoo.com';3;2.6;
'tuki77@hotmail.com';1;NULL;
'lema2@gmail.com';3;1.5;
'di91@hotmail.com';2;NULL;
'yegu70@yahoo.com';1;NULL;
'sa79@uniandes.edu.co';1;4.9;
'gejo88@uniandes.edu.co';2;5.0;
'kope79@yahoo.com';3;0.0;
'pobe98@gmail.com';2;NULL;
'ro56@uniandes.edu.co';1;3.1;
'kica96@gmail.com';2;1.0;
'sa57@yahoo.com';3;2.2;
'si48@yahoo.com';1;NULL;
'nu40@yahoo.com';3;NULL;
'sibu39@gmail.com';1;0.1;
'zise75@yahoo.com';3;2.6;
'vo97@uniandes.edu.co';3;4.4;
'wi99@gmail.com';1;1.0;
'de45@uniandes.edu.co';2;NULL;
'yiga24@hotmail.com';3;0.4;
'xu40@gmail.com';2;2.2;
'mixi17@yahoo.com';3;NULL;
'wu33@yahoo.com';3;4.5;
'naqo13@hotmail.com';3;2.9;
'dere74@uniandes.edu.co';2;0.8;
'ki4@yahoo.com';2;4.5;
'neke90@yahoo.com';1;NULL;
'luyo52@yahoo.com';2;NULL;
'fupo85@yahoo.com';2;0.8;
'poli54@yahoo.com';1;0.6;
'hoge3@uniandes.edu.co';2;NULL;
'ziji89@gmail.com';3;NULL;
'rebo12@hotmail.com';1;0.1;
'lozi47@uniandes.edu.co';1;0.4;
'ku5@gmail.com';3;3.4;
'za60@hotmail.com';3;0.1;
'de5@uniandes.edu.co';3;NULL;
'zeve70@yahoo.com';1;1.5;
'te15@uniandes.edu.co';2;NULL;
'zido99@gmail.com';3;NULL;
'jowe72@gmail.com';1;4.1;
'deru52@uniandes.edu.co';1;NULL;
'hu40@yahoo.com';3;1.2;
'tame8@yahoo.com';2;4.7;
'si56@yahoo.com';1;3.7;
'be95@gmail.com';3;0.6;
'zuma93@uniandes.edu.co';3;1.7;
'ju2@hotmail.com';2;2.7;
'ha31@hotmail.com';3;NULL;
'si75@hotmail.com';1;NULL;
'ba56@yahoo.com';2;NULL;
'xu6@yahoo.com';1;3.4;
'xumi6@hotmail.com';2;NULL;
'gi54@hotmail.com';3;1.2;
'fu44@gmail.com';2;NULL;
'se94@hotmail.com';1;2.1;
'nano3@hotmail.com';1;1.1;
'tuqa11@hotmail.com';1;2.7;
'judi43@uniandes.edu.co';1;2.9;
'ju17@uniandes.edu.co';3;0.6;
'xiza99@yahoo.com';2;NULL;
'wive41@gmail.com';1;0.8;
'pe5@gmail.com';2;NULL;
're1@yahoo.com';3;0.0;
'piga88@yahoo.com';2;0.8;
'xero80@hotmail.com';2;0.0;
'ri89@gmail.com';2;5.0;
'vono10@uniandes.edu.co';3;1.5;
'vi19@hotmail.com';3;NULL;
'sica88@gmail.com';1;1.4;
'fu74@uniandes.edu.co';3;0.4;
'li49@uniandes.edu.co';1;NULL;
'ti32@hotmail.com';1;NULL;
'qane24@yahoo.com';2;4.0;
'pemu36@hotmail.com';2;0.5;
'qo27@hotmail.com';3;0.3;
'lata76@gmail.com';1;2.9;
'le69@uniandes.edu.co';1;0.2;
'tite82@hotmail.com';3;0.3;
'va2@hotmail.com';1;NULL;
'dudu86@yahoo.com';1;NULL;
'hu69@hotmail.com';2;1.3;
'do71@gmail.com';2;2.6;
'bohu86@uniandes.edu.co';2;NULL;
've82@yahoo.com';2;0.8;
'te24@yahoo.com';3;3.0;
'hahu11@uniandes.edu.co';1;NULL;
'tipe77@uniandes.edu.co';1;NULL;
'wome28@uniandes.edu.co';2;NULL;
'ya35@gmail.com';1;NULL;
're18@uniandes.edu.co';2;4.3;
'fori7@yahoo.com';1;1.6;
'te12@hotmail.com';2;NULL;
'no95@hotmail.com';2;4.4;
'bi42@yahoo.com';1;NULL;
'maca37@uniandes.edu.co';1;4.9;
'fu14@yahoo.com';2;0.5;
'gala85@yahoo.com';1;5.0;
'pe73@yahoo.com';1;NULL;
'pu68@yahoo.com';1;NULL;
'luge43@gmail.com';1;3.4;
'tesi86@gmail.com';2;1.5;
'baqi96@uniandes.edu.co';3;1.6;
'he20@hotmail.com';2;4.7;
'node88@hotmail.com';2;2.6;
'ku76@gmail.com';1;NULL;
'pejo90@uniandes.edu.co';3;0.1;
'tu21@hotmail.com';2;NULL;
'kopu23@gmail.com';2;1.0;
'ja68@yahoo.com';1;1.7;
'si65@uniandes.edu.co';2;4.4;
'ya25@yahoo.com';3;0.6;
'fu37@uniandes.edu.co';3;NULL;
'zu23@gmail.com';1;1.0;
'co77@uniandes.edu.co';3;2.8;
'mugu15@gmail.com';3;NULL;
'de3@gmail.com';3;2.5;
'cida42@uniandes.edu.co';3;1.3;
'tovo49@yahoo.com';1;NULL;
'bu96@uniandes.edu.co';3;4.3;
'kuto66@gmail.com';3;3.9;
'joxa15@yahoo.com';3;NULL;
'cide91@uniandes.edu.co';1;NULL;
'hoxa5@hotmail.com';3;0.1;
'jovu44@uniandes.edu.co';1;4.9;
'lo97@uniandes.edu.co';1;3.3;
'zuje20@gmail.com';1;NULL;
'tu77@yahoo.com';2;NULL;
'mu54@yahoo.com';1;4.2;
'le61@hotmail.com';3;NULL;
'guyo28@yahoo.com';1;2.1;
'pula81@uniandes.edu.co';1;4.1;
'qi83@yahoo.com';3;4.7;
'do5@uniandes.edu.co';3;NULL;
'kuvo40@yahoo.com';3;2.5;
'li81@yahoo.com';3;1.8;
'cibi40@gmail.com';3;0.2;
'yiku23@uniandes.edu.co';1;3.2;
'tebo57@gmail.com';1;2.7;
'tato33@hotmail.com';3;0.2;
'riyu20@yahoo.com';2;NULL;
'seya38@hotmail.com';3;3.3;
'go88@yahoo.com';2;2.9;
'deco59@gmail.com';3;NULL;
'xono91@gmail.com';2;2.2;
'jo66@gmail.com';2;3.2;
'ha89@yahoo.com';2;0.3;
'nege64@gmail.com';3;1.0;
'cu69@gmail.com';2;2.2;
'xa93@yahoo.com';2;1.0;
'zehe96@uniandes.edu.co';3;3.9;
'di34@gmail.com';1;0.4;
'bo47@gmail.com';3;3.9;
'zilo87@gmail.com';2;0.8;
'jacu9@hotmail.com';1;NULL;
'fa81@hotmail.com';1;NULL;
'kero15@uniandes.edu.co';2;NULL;
'losu89@yahoo.com';1;4.3;
'ya41@gmail.com';3;4.8;
'pebi27@yahoo.com';2;NULL;
'la32@uniandes.edu.co';1;4.4;
'to52@uniandes.edu.co';2;2.7;
'qo46@gmail.com';1;0.5;
'bi66@yahoo.com';2;NULL;
'xo9@gmail.com';1;NULL;
'bu79@uniandes.edu.co';3;2.3;
'pa22@hotmail.com';3;NULL;
'tosa62@uniandes.edu.co';2;4.5;
'gu31@yahoo.com';1;4.7;
'pumu18@uniandes.edu.co';3;4.9;
'xa99@hotmail.com';3;NULL;
'poxi66@gmail.com';2;NULL;
'zija80@yahoo.com';1;NULL;
'himo6@yahoo.com';1;NULL;
'zeme89@uniandes.edu.co';1;4.7;
'xere90@gmail.com';3;NULL;
'nusu67@gmail.com';2;NULL;
'senu23@uniandes.edu.co';3;NULL;
'cu66@hotmail.com';1;4.7;
'xe88@uniandes.edu.co';1;NULL;
'su67@yahoo.com';3;NULL;
'civu60@gmail.com';3;3.8;
'su25@gmail.com';3;4.2;
'qeza43@yahoo.com';2;3.1;
'za64@gmail.com';3;NULL;
'hidu46@uniandes.edu.co';2;NULL;
'fu12@yahoo.com';2;NULL;
'qo38@gmail.com';2;NULL;
'bedi39@yahoo.com';1;1.6;
'ka20@gmail.com';2;1.7;
'xo62@gmail.com';1;2.1;
'cuje50@uniandes.edu.co';3;2.6;
'xole12@yahoo.com';1;2.3;
'je30@uniandes.edu.co';2;2.0;
'ka65@hotmail.com';3;NULL;
'bi44@yahoo.com';3;4.1;
'fe63@uniandes.edu.co';1;1.4;
'hoge29@uniandes.edu.co';2;NULL;
'co47@yahoo.com';1;4.5;
'lavo49@gmail.com';2;NULL;
'ze51@gmail.com';3;NULL;
'beyo34@hotmail.com';3;0.4;
'mudi85@hotmail.com';1;NULL;
'gi89@uniandes.edu.co';1;NULL;
'xune99@uniandes.edu.co';2;NULL;
'towa9@gmail.com';1;4.5;
'wiwe89@yahoo.com';1;NULL;
'xegu5@hotmail.com';2;3.0;
'na30@yahoo.com';1;5.0;
'mimo88@yahoo.com';1;3.5;
'zafa46@uniandes.edu.co';2;NULL;
'zosa68@yahoo.com';3;1.9;
'qu66@uniandes.edu.co';1;NULL;
'li74@yahoo.com';1;NULL;
'nipi13@yahoo.com';1;NULL;
'gega30@uniandes.edu.co';2;2.7;
'lo68@uniandes.edu.co';1;NULL;
'pu15@yahoo.com';2;NULL;
'ni54@yahoo.com';2;4.1;
'fifa43@gmail.com';2;NULL;
'jumi11@yahoo.com';1;1.8;
'ya94@hotmail.com';3;2.9;
'je18@uniandes.edu.co';1;NULL;
'sesa97@uniandes.edu.co';3;3.3;
'yu56@hotmail.com';1;4.6;
'vada50@uniandes.edu.co';3;4.3;
'ta17@gmail.com';3;NULL;
'li65@hotmail.com';1;3.0;
'ju83@hotmail.com';2;NULL;
'ziga65@yahoo.com';2;NULL;
'pe9@yahoo.com';3;0.1;
'na68@uniandes.edu.co';2;NULL;
'jo98@yahoo.com';2;NULL;
'qo3@gmail.com';3;NULL;
'mihu76@yahoo.com';1;NULL;
'yunu75@gmail.com';2;3.9;
'wa99@hotmail.com';2;NULL;
'fe46@gmail.com';3;0.8;
'geha39@yahoo.com';1;0.9;
'nu25@hotmail.com';3;0.9;
'xihi10@yahoo.com';1;1.3;
'davo32@uniandes.edu.co';1;NULL;
'zado4@hotmail.com';2;NULL;
'ruse63@hotmail.com';3;0.7;
'yaro6@yahoo.com';2;NULL;
'xeda80@yahoo.com';1;1.3;
'xoni11@uniandes.edu.co';3;NULL;
'se78@gmail.com';2;0.8;
'mu76@hotmail.com';3;3.6;
'qi20@hotmail.com';1;5.0;
'zofo40@uniandes.edu.co';2;0.6;
'su49@gmail.com';1;NULL;
'vi35@yahoo.com';3;2.0;
'za33@uniandes.edu.co';2;4.1;
'zako70@hotmail.com';3;3.5;
'roja32@gmail.com';2;NULL;
'zu16@hotmail.com';3;2.6;
'medu32@yahoo.com';1;3.0;
'ki33@hotmail.com';2;2.6;
'bo70@gmail.com';2;NULL;
'za68@hotmail.com';2;NULL;
'voha55@uniandes.edu.co';1;2.0;
'mu52@hotmail.com';1;NULL;
'giro83@gmail.com';2;NULL;
're34@yahoo.com';3;NULL;
'qide89@yahoo.com';2;NULL;
'pu73@gmail.com';3;0.3;
'vu38@yahoo.com';1;1.6;
'xive50@hotmail.com';1;NULL;
'qifi59@gmail.com';1;3.6;
'dala55@yahoo.com';2;NULL;
'qume76@yahoo.com';1;NULL;
'mafa92@hotmail.com';2;NULL;
'zo93@gmail.com';3;NULL;
'rowo78@gmail.com';1;4.0;
'diti36@yahoo.com';2;NULL;
'de39@yahoo.com';1;1.8;
'nato3@gmail.com';2;1.2;
'le86@yahoo.com';3;NULL;
'made65@hotmail.com';3;NULL;
'zaca1@yahoo.com';2;0.1;
'xu78@gmail.com';3;3.3;
'li12@uniandes.edu.co';2;4.7;
'se22@gmail.com';1;NULL;
'jume14@hotmail.com';3;0.9;
'ro33@uniandes.edu.co';3;3.9;
'zije33@hotmail.com';3;NULL;
'bu35@yahoo.com';3;2.6;
'pi39@gmail.com';2;NULL;
'xosu14@hotmail.com';3;NULL;
'beri76@uniandes.edu.co';3;1.8;
'xa55@gmail.com';3;0.1;
'deyu8@uniandes.edu.co';3;4.0;
'suhe66@hotmail.com';1;3.2;
'nivu79@yahoo.com';1;0.2;
'tu54@uniandes.edu.co';2;NULL;
'ye52@hotmail.com';2;3.5;
'wufi97@gmail.com';2;NULL;
're57@hotmail.com';2;NULL;
'ra60@hotmail.com';2;NULL;
'suwo8@yahoo.com';3;0.6;
'xuba32@uniandes.edu.co';3;0.0;
'suzu56@hotmail.com';3;2.0;
'vawa59@hotmail.com';2;2.2;
'siji10@yahoo.com';3;1.7;
'je43@yahoo.com';2;NULL;
'je97@yahoo.com';3;3.3;
'tocu59@hotmail.com';1;3.9;
'qo65@gmail.com';2;NULL;
'wuga77@uniandes.edu.co';1;0.9;
'xeyi17@gmail.com';2;NULL;
'yu70@yahoo.com';3;4.6;
'ci17@uniandes.edu.co';1;1.0;
'juqa72@hotmail.com';3;2.9;
'xuwa29@uniandes.edu.co';1;4.7;
'jedo30@yahoo.com';2;1.6;
'jizu21@yahoo.com';2;NULL;
'vo85@gmail.com';3;0.9;
'la22@yahoo.com';2;NULL;
'de60@uniandes.edu.co';1;1.5;
'yexi83@uniandes.edu.co';3;NULL;
'lebo81@yahoo.com';3;NULL;
'tu79@yahoo.com';1;NULL;
'ja76@yahoo.com';2;3.6;
'mo86@hotmail.com';2;NULL;
'faka86@hotmail.com';3;3.4;
'koci67@yahoo.com';2;4.0;
'be81@gmail.com';1;NULL;
'koru40@yahoo.com';3;2.8;
'hu13@gmail.com';1;1.3;
'ye77@uniandes.edu.co';3;2.1;
'fagu90@hotmail.com';2;NULL;
'ju61@gmail.com';3;4.5;
'pu5@hotmail.com';2;3.3;
'hu93@yahoo.com';1;0.4;
'xezo53@uniandes.edu.co';2;NULL;
'suli52@uniandes.edu.co';1;1.2;
'giqu20@hotmail.com';2;NULL;
'wedi89@uniandes.edu.co';2;0.0;
'xa82@gmail.com';2;3.6;
'fi13@hotmail.com';2;4.4;
'zodo6@yahoo.com';1;NULL;
'nuti10@hotmail.com';3;NULL;
'bazu64@gmail.com';2;2.7;
'zu15@yahoo.com';3;4.3;
'qo60@hotmail.com';3;NULL;
'neho82@hotmail.com';1;NULL;
'na94@gmail.com';3;NULL;
'ciqi2@uniandes.edu.co';2;0.6;
'su95@gmail.com';1;NULL;
'du6@hotmail.com';2;NULL;
'tane39@yahoo.com';2;2.2;
'tame37@yahoo.com';3;0.9;
'mu6@hotmail.com';3;0.7;
'ra84@uniandes.edu.co';1;2.4;
'yowo77@gmail.com';2;1.9;
'qaqo41@uniandes.edu.co';3;NULL;
'qo21@uniandes.edu.co';2;NULL;
'mo94@hotmail.com';2;NULL;
'faco83@yahoo.com';1;1.5;
'roku32@gmail.com';2;1.8;
'faku66@hotmail.com';1;NULL;
'leqa57@gmail.com';3;NULL;
'neci3@uniandes.edu.co';1;NULL;
'ka4@gmail.com';2;NULL;
'toru38@hotmail.com';2;NULL;
'ci86@uniandes.edu.co';3;NULL;
'fe88@hotmail.com';3;2.5;
'tuxe71@uniandes.edu.co';2;NULL;
'quzi17@uniandes.edu.co';3;NULL;
'pife14@yahoo.com';3;NULL;
'fo37@gmail.com';2;3.9;
'noju25@yahoo.com';1;NULL;
'zuse85@hotmail.com';1;NULL;
'di76@hotmail.com';1;0.1;
'qife38@yahoo.com';3;NULL;
'va87@hotmail.com';1;1.9;
'foko35@yahoo.com';3;NULL;
'di15@uniandes.edu.co';1;3.2;
'mo3@gmail.com';2;5.0;
'sopi31@uniandes.edu.co';2;NULL;
'va56@uniandes.edu.co';3;NULL;
'viba49@hotmail.com';2;NULL;
'baqo59@yahoo.com';1;2.4;
'zepi12@yahoo.com';2;4.5;
'se90@hotmail.com';2;0.7;
'ca57@yahoo.com';3;0.1;
'lune10@gmail.com';1;NULL;
'hace20@uniandes.edu.co';1;NULL;
'muhe22@uniandes.edu.co';3;3.3;
'ja34@yahoo.com';3;3.3;
'pu89@hotmail.com';2;1.2;
'tuje40@hotmail.com';2;3.8;
'jese40@hotmail.com';3;NULL;
'si83@hotmail.com';1;1.9;
'tuze7@gmail.com';2;1.4;
'me47@hotmail.com';3;0.5;
'xevi49@uniandes.edu.co';1;1.1;
'gu3@gmail.com';3;1.7;
'pexa61@gmail.com';1;2.4;
'rena77@gmail.com';2;1.7;
'fu3@gmail.com';3;NULL;
'ba84@hotmail.com';3;0.7;
'ka12@gmail.com';3;NULL;
'reqi24@uniandes.edu.co';1;2.4;
'jo16@uniandes.edu.co';2;3.7;
'bo31@gmail.com';3;NULL;
'zari46@gmail.com';3;3.2;
'ro99@yahoo.com';3;NULL;
'ki59@uniandes.edu.co';1;NULL;
'di85@gmail.com';1;0.2;
'le8@uniandes.edu.co';2;NULL;
'xuka40@yahoo.com';2;1.5;
'pu52@yahoo.com';3;NULL;
'ne90@gmail.com';1;NULL;
'seme16@gmail.com';2;0.2;
'ko29@hotmail.com';2;1.8;
'gese70@gmail.com';2;0.3;
'sumo66@hotmail.com';1;1.6;
'be37@gmail.com';1;NULL;
'be89@uniandes.edu.co';2;NULL;
'qelu43@yahoo.com';2;0.0;
'budi64@hotmail.com';2;2.7;
'mi90@hotmail.com';3;NULL;
'nahe61@yahoo.com';3;2.5;
'tofa28@uniandes.edu.co';2;NULL;
'ni46@gmail.com';3;4.1;
'yido40@gmail.com';3;0.9;
'xale19@uniandes.edu.co';2;1.3;
'qujo21@uniandes.edu.co';3;0.4;
'pe40@uniandes.edu.co';2;4.3;
'bu8@uniandes.edu.co';3;3.6;
'xi18@hotmail.com';3;1.4;
'zute9@uniandes.edu.co';1;4.3;
'wo26@uniandes.edu.co';2;1.9;
'losu96@gmail.com';3;0.8;
'po62@hotmail.com';3;3.4;
'sahe71@hotmail.com';3;2.0;
'qo96@gmail.com';3;NULL;
'mu44@yahoo.com';3;0.8;
'ji87@uniandes.edu.co';1;NULL;
'coya69@uniandes.edu.co';2;3.4;
'juxi92@hotmail.com';3;3.4;
'doni55@yahoo.com';1;NULL;
'tu72@gmail.com';3;NULL;
'muxe21@yahoo.com';1;4.2;
'ci18@uniandes.edu.co';1;NULL;
'ko79@gmail.com';2;3.6;
'va43@uniandes.edu.co';3;3.8;
'ki71@gmail.com';3;1.7;
'xi3@yahoo.com';1;2.0;
'faxu99@yahoo.com';3;4.1;
'muha11@hotmail.com';1;2.1;
'zoqe83@uniandes.edu.co';2;NULL;
'pise58@hotmail.com';3;0.2;
'bebu19@yahoo.com';2;2.9;
'zuze91@hotmail.com';2;NULL;
'gexu92@yahoo.com';1;NULL;
'mena59@gmail.com';3;0.8;
'xi68@yahoo.com';3;2.2;
'qu31@uniandes.edu.co';1;NULL;
'mo42@yahoo.com';1;0.9;
'ru34@yahoo.com';2;2.3;
'qeyu77@uniandes.edu.co';1;0.2;
'te91@yahoo.com';1;NULL;
'nixu54@yahoo.com';2;NULL;
'jo53@uniandes.edu.co';1;1.2;
'lu3@gmail.com';2;3.9;
'tiga92@yahoo.com';1;NULL;
'je83@yahoo.com';3;1.9;
'gogu22@gmail.com';3;NULL;
'tu95@hotmail.com';2;NULL;
'ya56@yahoo.com';1;4.3;
'rovi13@yahoo.com';2;3.1;
'la41@hotmail.com';3;NULL;
'vi43@hotmail.com';1;5.0;
'co26@gmail.com';1;NULL;
'funa90@yahoo.com';3;NULL;
'qoho58@uniandes.edu.co';2;NULL;
'duta72@hotmail.com';3;0.4;
'cola27@uniandes.edu.co';2;2.3;
'jage25@yahoo.com';2;NULL;
'henu89@uniandes.edu.co';3;NULL;
'ki58@uniandes.edu.co';3;2.4;
'qe88@hotmail.com';3;2.3;
'he9@gmail.com';1;3.4;
'va74@uniandes.edu.co';1;NULL;
'wo54@hotmail.com';3;2.2;
'cuqi7@gmail.com';3;NULL;
'paro48@uniandes.edu.co';1;3.0;
'zi96@uniandes.edu.co';1;4.6;
'pozi45@gmail.com';1;1.3;
'defu16@yahoo.com';3;NULL;
'dowa26@gmail.com';3;NULL;
'ga57@hotmail.com';1;NULL;
'dago73@gmail.com';1;0.5;
'reyo76@yahoo.com';1;1.7;
'xu29@hotmail.com';2;NULL;
'zi30@gmail.com';3;NULL;
'jequ44@uniandes.edu.co';2;NULL;
'na87@hotmail.com';3;4.5;
'yipu44@gmail.com';2;NULL;
'puru87@hotmail.com';1;NULL;
'viji3@yahoo.com';3;2.9;
'jenu15@uniandes.edu.co';2;2.5;
'teco31@hotmail.com';2;NULL;
'ja78@hotmail.com';3;NULL;
'ko48@yahoo.com';1;2.4;
'gi7@gmail.com';1;0.5;
'heyu51@gmail.com';3;0.9;
'te81@yahoo.com';1;0.6;
'so33@hotmail.com';3;NULL;
'wo1@yahoo.com';2;NULL;
'keba46@hotmail.com';2;1.9;
'he1@yahoo.com';3;0.3;
'rano1@uniandes.edu.co';3;3.4;
'fe68@yahoo.com';3;4.1;
'mo22@gmail.com';2;NULL;
'pi7@uniandes.edu.co';2;0.1;
'ho30@gmail.com';1;4.4;
'papi65@uniandes.edu.co';1;1.1;
'xa19@yahoo.com';2;NULL;
'biso7@uniandes.edu.co';1;4.8;
'xa93@uniandes.edu.co';1;3.7;
'dopu49@gmail.com';1;2.4;
'jelu64@yahoo.com';1;NULL;
